URL,Naposledy procházeno
"https://bikeskills.cz/product-tag/poc-sweden-ab-http-levelsportkoncept-web-mywac-cz-img-7d7a797c7e7579786d6f7a7e-6b5c5a5a5a5a5c5e625a6260-a20000248086-jpgresize500?yith_wcan=1&product_tag=poc-sweden-ab-http-levelsportkoncept-web-mywac-cz-img-7d7a797c7e7579786d6f7a7e-6b5c5a5a5a5a5c5e625a6260-a20000248086-jpgresize500&product_cat=lezyne-gps 
e-13-kliky spank-naboje-nahradni-dily lezyne-doplnky-airtag-accessories",2026-04-17
"https://bikeskills.cz/product-tag/kine-max-professional-jump-rope-svihadlo?yith_wcan=1&product_tag=kine-max-professional-jump-rope-svihadlo&product_cat=rozmer-25cm-x-45m 
lezyne-brasny",2026-04-16
"https://bikeskills.cz/product-tag/kine-max-professional-gym-ball-gymnasticky-mic-65cm-ruzovy?yith_wcan=1&product_tag=kine-max-professional-gym-ball-gymnasticky-mic-65cm-ruzovy&product_cat=poc-race-stuff 
poc-prilby-snow",2026-04-16
"https://bikeskills.cz/product-tag/kine-max-professional-resistance-band-posilovaci-guma-level-1-zluta-lehka?yith_wcan=1&product_cat=posilovaci-gumy-2m 
e-13-napinaky-retezu-vario masazni-oleje masaz-valce-tyce 
e-13-zapletena-kola-29 spank-sedla spank-pedaly poc poc-bryle-slunecni 
bikeworkx-lepeni-pneu-prevence lezyne-doplnky 
e-13-bezdusovy-system-rafkove-pasky spank-ventilky produkty",2026-04-16
"https://bikeskills.cz/product-tag/poc-sweden-ab-bryle?yith_wcan=1&product_tag=poc-sweden-ab-bryle&product_cat=lezyne-pumpy-pump-accessories 
spank-rafky-gravel lezyne-gps bikeworkx-cistice-retezu-myti-rukou 
dvo-pruziny-steel e-13-napinaky-retezu-e-spec 
lezyne-led-svetla-led-lighting-stvzo",2026-04-15
"https://bikeskills.cz/product-tag/kine-max-professional-jump-rope-svihadlo?yith_wcan=1&product_tag=kine-max-professional-jump-rope-svihadlo&product_cat=dresy-telka 
balancni-cocky",2026-04-15
"https://bikeskills.cz/product-tag/kine-max-professional-super-loop-resistance-band-kit-set-posilovacich-gum-5ks-extra-lehka-az-extra-tezka?yith_wcan=1&product_tag=kine-max-professional-super-loop-resistance-band-kit-set-posilovacich-gum-5ks-extra-lehka-az-extra-tezka&product_cat=cyklisticke-obleceni 
e-13-teleskopicke-sedlovky-sedlovky 5-e-13-zapletena-kola lezyne 
supacaz-rukavice masazni-valce e-13-plaste-29 e-13-stredova-slozeni 
dvo-pruziny spank-zapletena-kola-zadni supacaz-omotavky maloja-leto 
e-13-zapletena-kola gymball",2026-04-15
"https://bikeskills.cz/product-tag/kine-max-professional-massage-foam-roller-masazni-valec-modry?yith_wcan=1&product_tag=kine-max-professional-massage-foam-roller-masazni-valec-modry&product_cat=posilovaci-gumy 
lezyne spank-riditka-gravel",2026-04-15
"https://bikeskills.cz/product-tag/kine-max-professional-massage-foam-roller-masazni-valec-modry?yith_wcan=1&product_tag=kine-max-professional-massage-foam-roller-masazni-valec-modry&product_cat=e-13 
knihy spank-riditka-mtb",2026-04-15
"https://bikeskills.cz/product-tag/poc-sweden-ab-http-levelsportkoncept-web-mywac-cz-img-7d7a797c7e7579786d6f7a7e-6b5c5a5a5a5a5c5e625a6260-a20000248086-jpgresize500?yith_wcan=1&product_tag=poc-sweden-ab-http-levelsportkoncept-web-mywac-cz-img-7d7a797c7e7579786d6f7a7e-6b5c5a5a5a5a5c5e625a6260-a20000248086-jpgresize500&product_cat=lezyne-gps 
e-13-kliky spank-naboje-nahradni-dily lezyne-led-svetla-led-lighting-stvzo",2026-04-14
"https://bikeskills.cz/product-tag/kine-max-professional-massage-foam-roller-masazni-valec-modry?yith_wcan=1&product_tag=kine-max-professional-massage-foam-roller-masazni-valec-modry&product_cat=e-13 
knihy balancni-cocky",2026-04-14
"https://bikeskills.cz/product-tag/kine-max-professional-jump-rope-svihadlo?yith_wcan=1&product_tag=kine-max-professional-jump-rope-svihadlo&product_cat=dresy-telka 
lezyne-doplnky-bicycle-storages",2026-04-14
"https://bikeskills.cz/product-tag/kine-max-professional-jump-rope-svihadlo?yith_wcan=1&product_tag=kine-max-professional-jump-rope-svihadlo&product_cat=dresy-telka 
smycky-mini-loop",2026-04-14
"https://bikeskills.cz/product-tag/tubolitoduse-tubolito-road-700x18-32c-sv42?yith_wcan=1&product_tag=tubolitoduse-tubolito-road-700x18-32c-sv42&product_cat=spank-naboje 
poc-obleceni-kalhoty",2026-04-14
"https://bikeskills.cz/product-tag/lezyne-usa-inc-taiwan-branch-http-levelsportkoncept-web-mywac-cz-img-7d7a797c7e7579786d6f7a7e-6b5c5a5a5a5a5b5a5a606063-a20000100669-jpgresize500?yith_wcan=1&product_tag=lezyne-usa-inc-taiwan-branch-http-levelsportkoncept-web-mywac-cz-img-7d7a797c7e7579786d6f7a7e-6b5c5a5a5a5a5b5a5a606063-a20000100669-jpgresize500&product_cat=e-13-zapletena-kola-29 
rozmer-25cm-x-45m",2026-04-14
"https://bikeskills.cz/product-tag/kine-max-professional-massage-foam-roller-masazni-valec-modry?yith_wcan=1&product_tag=kine-max-professional-massage-foam-roller-masazni-valec-modry&product_cat=e-13 
knihy rozmer-10cm-x-45m",2026-04-14
"https://bikeskills.cz/product-tag/kine-max-professional-massage-foam-roller-masazni-valec-modry?yith_wcan=1&product_tag=kine-max-professional-massage-foam-roller-masazni-valec-modry&product_cat=dresy-telka 
dvo-pruziny-prorate-ls-spring spank-riditka-gravel",2026-04-14
"https://bikeskills.cz/product-tag/kine-max-professional-massage-foam-roller-masazni-valec-modry?yith_wcan=1&product_tag=kine-max-professional-massage-foam-roller-masazni-valec-modry&product_cat=e-13 
knihy e-13-bezdusovy-system",2026-04-14
"https://bikeskills.cz/product-tag/kine-max-professional-mini-loop-resistance-band-posilovaci-guma-1-x-light-extra-lehka?yith_wcan=1&product_tag=kine-max-professional-mini-loop-resistance-band-posilovaci-guma-1-x-light-extra-lehka&product_cat=e-13-rafky-27 
tubolito-duse",2026-04-14
https://bikeskills.cz/shop-kategorie/e-13/e-13-zapletena-kola/5-e-13-zapletena-kola/feed/,2026-04-14
"https://bikeskills.cz/product-tag/kine-max-professional-massage-foam-roller-masazni-valec-modry?yith_wcan=1&product_tag=kine-max-professional-massage-foam-roller-masazni-valec-modry&product_cat=e-13 
knihy maloja",2026-04-14
"https://bikeskills.cz/product-tag/kine-max-professional-massage-foam-roller-masazni-valec-modry?yith_wcan=1&product_tag=kine-max-professional-massage-foam-roller-masazni-valec-modry&product_cat=e-13 
knihy bikeworkx-cistidla-lestenky",2026-04-14
"https://bikeskills.cz/product-tag/kine-max-professional-massage-foam-roller-masazni-valec-modry?yith_wcan=1&product_tag=kine-max-professional-massage-foam-roller-masazni-valec-modry&product_cat=e-13 
knihy e-13-rafky-27",2026-04-14
"https://bikeskills.cz/product-tag/e-13-naboje-predni?yith_wcan=1&product_tag=e-13-naboje-predni&product_cat=dvo-vidlice-29 
poc-obleceni balancni-cocky",2026-04-14
"https://bikeskills.cz/product-tag/kine-max-professional-massage-foam-roller-masazni-valec-modry?yith_wcan=1&product_tag=kine-max-professional-massage-foam-roller-masazni-valec-modry&product_cat=e-13 
knihy 5-e-13-plaste",2026-04-14
"https://bikeskills.cz/product-tag/kine-max-professional-massage-foam-roller-masazni-valec-modry?yith_wcan=1&product_tag=kine-max-professional-massage-foam-roller-masazni-valec-modry&product_cat=e-13 
knihy poc-prilby",2026-04-14
"https://bikeskills.cz/product-tag/kine-max-professional-massage-foam-roller-masazni-valec-modry?yith_wcan=1&product_tag=kine-max-professional-massage-foam-roller-masazni-valec-modry&product_cat=e-13 
knihy spank-sedla",2026-04-14
"https://bikeskills.cz/product-tag/kine-max-professional-gym-ball-gymnasticky-mic-65cm-ruzovy?yith_wcan=1&product_tag=kine-max-professional-gym-ball-gymnasticky-mic-65cm-ruzovy&product_cat=e-13-stredova-slozeni 
bikeworkx-brzdove-kapaliny-vidlicove-oleje",2026-04-14
"https://bikeskills.cz/product-tag/kine-max-neutral-massage-oil?yith_wcan=1&product_tag=kine-max-neutral-massage-oil&product_cat=balancni-cocky 
poc-race-stuff",2026-04-14
"https://bikeskills.cz/product-tag/poc-sweden-ab-http-levelsportkoncept-web-mywac-cz-img-7d7a797c7e7579786d6f7a7e-6b5c5a5a5a5a5c5e625a6260-a20000248086-jpgresize500?yith_wcan=1&product_tag=poc-sweden-ab-http-levelsportkoncept-web-mywac-cz-img-7d7a797c7e7579786d6f7a7e-6b5c5a5a5a5a5c5e625a6260-a20000248086-jpgresize500&product_cat=lezyne-gps 
e-13-kliky spank-naboje-nahradni-dily e-13-naboje-nahradni-dily",2026-04-12
"https://bikeskills.cz/product-tag/kine-max-professional-jump-rope-svihadlo?yith_wcan=1&product_tag=kine-max-professional-jump-rope-svihadlo&product_cat=rozmer-25cm-x-45m 
lezyne-naradi",2026-04-12
"https://bikeskills.cz/product-tag/kine-max-professional-massage-foam-roller-masazni-valec-modry?yith_wcan=1&product_tag=kine-max-professional-massage-foam-roller-masazni-valec-modry&product_cat=dvo-tlumice-vzduchove 
dvo-tlumice",2026-04-12
"https://bikeskills.cz/product-tag/kine-max-professional-massage-foam-roller-masazni-valec-modry?yith_wcan=1&product_tag=kine-max-professional-massage-foam-roller-masazni-valec-modry&product_cat=e-13 
knihy masaz-valce-tyce",2026-04-12
"https://bikeskills.cz/product-tag/poc-sweden-ab-bryle?yith_wcan=1&product_tag=poc-sweden-ab-bryle&product_cat=spank-rafkove-pasky 
spank-podlozky-hlavoveho-slozeni knihy e-13-kazety-nahradni-dily 
poc-bryle-mx-dh masazni-oleje e-13-kazety-race",2026-04-12
"https://bikeskills.cz/product-tag/kine-max-professional-massage-foam-roller-masazni-valec-modry?yith_wcan=1&product_tag=kine-max-professional-massage-foam-roller-masazni-valec-modry&product_cat=supacaz-kosiky 
poc neelasticka-colored-team-tape-barevne-tejpovaci-pasky",2026-04-12
"https://bikeskills.cz/product-tag/kine-max-professional-massage-foam-roller-masazni-valec-modry?yith_wcan=1&product_tag=kine-max-professional-massage-foam-roller-masazni-valec-modry&product_cat=e-13 
knihy e-13-kliky-e-spec",2026-04-12
"https://bikeskills.cz/product-tag/kine-max-professional-massage-foam-roller-masazni-valec-modry?yith_wcan=1&product_tag=kine-max-professional-massage-foam-roller-masazni-valec-modry&product_cat=e-13 
knihy maloja-zeny",2026-04-12
"https://bikeskills.cz/product-tag/kine-max-professional-massage-foam-roller-masazni-valec-modry?yith_wcan=1&product_tag=kine-max-professional-massage-foam-roller-masazni-valec-modry&product_cat=dvo-tlumice-vzduchove 
poc-bryle",2026-04-11
"https://bikeskills.cz/product-tag/kine-max-professional-jump-rope-svihadlo?yith_wcan=1&product_tag=kine-max-professional-jump-rope-svihadlo&product_cat=dresy-telka 
e-13-kazety-nahradni-dily",2026-04-10
"https://bikeskills.cz/product-tag/kine-max-professional-massage-foam-roller-masazni-valec-modry?yith_wcan=1&product_tag=kine-max-professional-massage-foam-roller-masazni-valec-modry&product_cat=dresy-telka 
dvo-pruziny-prorate-ls-spring balancni-pomuc",2026-04-10
"https://bikeskills.cz/product-tag/poc-sweden-ab-http-levelsportkoncept-web-mywac-cz-img-7d7a797c7e7579786d6f7a7e-6b5c5a5a5a5a5c5e625a6260-a20000248086-jpgresize500?yith_wcan=1&product_tag=poc-sweden-ab-http-levelsportkoncept-web-mywac-cz-img-7d7a797c7e7579786d6f7a7e-6b5c5a5a5a5a5c5e625a6260-a20000248086-jpgresize500&product_cat=lezyne-gps 
e-13-kliky spank-naboje-nahradni-dily lezyne-led-svetla-led-lighting-e-bike",2026-04-09
"https://bikeskills.cz/product-tag/kine-max-neutral-massage-oil?yith_wcan=1&product_tag=kine-max-neutral-massage-oil&product_cat=balancni-cocky 
e-13-napinaky-retezu-dh",2026-04-09
"https://bikeskills.cz/product-tag/tubolitoduse-tubolito-road-700x18-32c-sv42?yith_wcan=1&product_tag=tubolitoduse-tubolito-road-700x18-32c-sv42&product_cat=spank-naboje 
kinesiologicka-classic",2026-04-09
https://bikeskills.cz/product-tag/kine-max-radian-massage-stick-masazni-tyc-zelena?yith_wcan=1&product_cat=masazni-tyce,2026-04-08
"https://bikeskills.cz/product-tag/kine-max-professional-massage-foam-roller-masazni-valec-modry?yith_wcan=1&product_tag=kine-max-professional-massage-foam-roller-masazni-valec-modry&product_cat=posilovaci-gumy 
lezyne maloja-zeny",2026-04-06
"https://bikeskills.cz/product-tag/kine-max-professional-massage-foam-roller-masazni-valec-modry?yith_wcan=1&product_tag=kine-max-professional-massage-foam-roller-masazni-valec-modry&product_cat=dresy-telka 
dvo-pruziny-prorate-ls-spring e-13-predstavce-50mm",2026-04-05
"https://bikeskills.cz/product-tag/kine-max-professional-jump-rope-svihadlo?yith_wcan=1&product_tag=kine-max-professional-jump-rope-svihadlo&product_cat=dresy-telka 
dvo-vidlice-29",2026-04-05
"https://bikeskills.cz/product-tag/kine-max-professional-massage-foam-roller-masazni-valec-modry?yith_wcan=1&product_tag=kine-max-professional-massage-foam-roller-masazni-valec-modry&product_cat=dvo-tlumice-vzduchove 
poc-obleceni-dresy",2026-04-05
"https://bikeskills.cz/product-tag/kine-max-professional-massage-foam-roller-masazni-valec-modry?yith_wcan=1&product_tag=kine-max-professional-massage-foam-roller-masazni-valec-modry&product_cat=dvo-tlumice-vzduchove 
lezyne-pumpy-floor-pumps",2026-04-05
"https://bikeskills.cz/product-tag/kine-max-professional-jump-rope-svihadlo?yith_wcan=1&product_tag=kine-max-professional-jump-rope-svihadlo&product_cat=dresy-telka 
bezdusovy-tmel",2026-04-05
"https://bikeskills.cz/product-tag/kine-max-professional-massage-foam-roller-masazni-valec-modry?yith_wcan=1&product_tag=kine-max-professional-massage-foam-roller-masazni-valec-modry&product_cat=dvo-tlumice-vzduchove 
dvo-vidlice-27",2026-04-05
"https://bikeskills.cz/product-tag/kine-max-professional-massage-foam-roller-masazni-valec-modry?yith_wcan=1&product_tag=kine-max-professional-massage-foam-roller-masazni-valec-modry&product_cat=dvo-tlumice-vzduchove 
e-13-naboje",2026-04-05
"https://bikeskills.cz/product-tag/kine-max-professional-massage-foam-roller-masazni-valec-modry?yith_wcan=1&product_tag=kine-max-professional-massage-foam-roller-masazni-valec-modry&product_cat=posilovaci-gumy 
lezyne podtejpovaci-pasky",2026-04-05
"https://bikeskills.cz/product-tag/kine-max-professional-massage-foam-roller-masazni-valec-modry?yith_wcan=1&product_tag=kine-max-professional-massage-foam-roller-masazni-valec-modry&product_cat=dvo-tlumice-vzduchove 
e-13-predstavce",2026-04-05
"https://bikeskills.cz/product-tag/kine-max-professional-massage-foam-roller-masazni-valec-modry?yith_wcan=1&product_tag=kine-max-professional-massage-foam-roller-masazni-valec-modry&product_cat=posilovaci-gumy 
lezyne poc-bryle-mx-dh",2026-04-04
"https://bikeskills.cz/product-tag/kine-max-professional-massage-foam-roller-masazni-valec-modry?yith_wcan=1&product_tag=kine-max-professional-massage-foam-roller-masazni-valec-modry&product_cat=dresy-telka 
dvo-pruziny-prorate-ls-spring e-13-bezdusovy-system-ventilky",2026-04-04
"https://bikeskills.cz/product-tag/kine-max-professional-massage-foam-roller-masazni-valec-modry?yith_wcan=1&product_tag=kine-max-professional-massage-foam-roller-masazni-valec-modry&product_cat=posilovaci-gumy 
lezyne lezyne-naradi-shop-tools",2026-04-04
"https://bikeskills.cz/product-tag/kine-max-professional-massage-foam-roller-masazni-valec-modry?yith_wcan=1&product_tag=kine-max-professional-massage-foam-roller-masazni-valec-modry&product_cat=dresy-telka 
dvo-pruziny-prorate-ls-spring cvicebni-mice",2026-04-04
"https://bikeskills.cz/product-tag/kine-max-professional-massage-foam-roller-masazni-valec-modry?yith_wcan=1&product_tag=kine-max-professional-massage-foam-roller-masazni-valec-modry&product_cat=dresy-telka 
dvo-pruziny-prorate-ls-spring gymball",2026-04-04
"https://bikeskills.cz/product-tag/kine-max-professional-massage-foam-roller-masazni-valec-modry?yith_wcan=1&product_tag=kine-max-professional-massage-foam-roller-masazni-valec-modry&product_cat=posilovaci-gumy 
lezyne kinesiologicka-super-pro-cotton-zvysena-adheze",2026-04-04
"https://bikeskills.cz/product-tag/kine-max-professional-jump-rope-svihadlo?yith_wcan=1&product_tag=kine-max-professional-jump-rope-svihadlo&product_cat=dresy-telka 
spank-naboje-volnobezky",2026-04-04
"https://bikeskills.cz/product-tag/kine-max-professional-massage-foam-roller-masazni-valec-modry?yith_wcan=1&product_tag=kine-max-professional-massage-foam-roller-masazni-valec-modry&product_cat=posilovaci-gumy 
lezyne spank-naboje-predni",2026-04-04
"https://bikeskills.cz/product-tag/kine-max-professional-massage-foam-roller-masazni-valec-modry?yith_wcan=1&product_tag=kine-max-professional-massage-foam-roller-masazni-valec-modry&product_cat=dresy-telka 
dvo-pruziny-prorate-ls-spring dvo",2026-04-04
"https://bikeskills.cz/product-tag/kine-max-professional-massage-foam-roller-masazni-valec-modry?yith_wcan=1&product_tag=kine-max-professional-massage-foam-roller-masazni-valec-modry&product_cat=dresy-telka 
dvo-pruziny-prorate-ls-spring lezyne-naradi-multi-tools",2026-04-04
"https://bikeskills.cz/product-tag/kine-max-professional-jump-rope-svihadlo?yith_wcan=1&product_tag=kine-max-professional-jump-rope-svihadlo&product_cat=dresy-telka 
dvo-vidlice-27",2026-04-04
"https://bikeskills.cz/product-tag/poc-sweden-ab-bryle?yith_wcan=1&product_tag=poc-sweden-ab-bryle&product_cat=spank-rafkove-pasky 
lezyne-pumpy-hand-pumps 
neelasticka-colored-team-tape-barevne-tejpovaci-pasky",2026-04-04
"https://bikeskills.cz/product-tag/poc-sweden-ab-bryle?yith_wcan=1&product_tag=poc-sweden-ab-bryle&product_cat=lezyne-pumpy-pump-accessories 
spank-rafky-gravel lezyne-gps bikeworkx-cistice-retezu-myti-rukou 
poc-pocito e-13-pedaly",2026-04-04
"https://bikeskills.cz/product-tag/tubolitoduse-tubolito-s-tubo-cx-gravel-700x32-50c-sv60b?yith_wcan=1&product_tag=tubolitoduse-tubolito-s-tubo-cx-gravel-700x32-50c-sv60b&product_cat=balancni-podlozky 
poc",2026-04-04
"https://bikeskills.cz/product-tag/kine-max-professional-massage-foam-roller-masazni-valec-modry?yith_wcan=1&product_tag=kine-max-professional-massage-foam-roller-masazni-valec-modry&product_cat=posilovaci-gumy 
lezyne spank-rafky-polepy",2026-04-04
"https://bikeskills.cz/product-tag/kine-max-professional-jump-rope-svihadlo?yith_wcan=1&product_tag=kine-max-professional-jump-rope-svihadlo&product_cat=dresy-telka 
e-13-stredova-slozeni",2026-04-04
"https://bikeskills.cz/product-tag/kine-max-professional-massage-foam-roller-masazni-valec-modry?yith_wcan=1&product_tag=kine-max-professional-massage-foam-roller-masazni-valec-modry&product_cat=dresy-telka 
dvo-pruziny-prorate-ls-spring dvo-nahradni-dily-hardware",2026-04-04
"https://bikeskills.cz/product-tag/kine-max-professional-massage-foam-roller-masazni-valec-modry?yith_wcan=1&product_tag=kine-max-professional-massage-foam-roller-masazni-valec-modry&product_cat=posilovaci-gumy 
lezyne spank-rafky-gravel",2026-04-04
"https://bikeskills.cz/product-tag/kine-max-professional-massage-foam-roller-masazni-valec-modry?yith_wcan=1&product_tag=kine-max-professional-massage-foam-roller-masazni-valec-modry&product_cat=dvo-tlumice-vzduchove 
lezyne-pumpy-hand-pumps",2026-04-04
"https://bikeskills.cz/product-tag/kine-max-professional-massage-foam-roller-masazni-valec-modry?yith_wcan=1&product_tag=kine-max-professional-massage-foam-roller-masazni-valec-modry&product_cat=posilovaci-gumy 
lezyne lezyne-naradi-tire-levers",2026-04-04
"https://bikeskills.cz/product-tag/kine-max-professional-super-loop-resistance-band-posilovaci-guma-3-medium-stredni?yith_wcan=1&product_tag=kine-max-professional-super-loop-resistance-band-posilovaci-guma-3-medium-stredni&product_cat=e-13 
volnocasove-obleceni",2026-04-04
"https://bikeskills.cz/product-tag/lezyne-usa-inc-taiwan-branch-http-levelsportkoncept-web-mywac-cz-img-7d7a797c7e7579786d6f7a7e-6b5c5a5a5a5a5b5a5a606063-a20000100669-jpgresize500?yith_wcan=1&product_tag=lezyne-usa-inc-taiwan-branch-http-levelsportkoncept-web-mywac-cz-img-7d7a797c7e7579786d6f7a7e-6b5c5a5a5a5a5b5a5a606063-a20000100669-jpgresize500&product_cat=spank-naboje-nahradni-dily 
supacaz-doplnky podtejpovaci-pasky",2026-04-03
"https://bikeskills.cz/product-tag/lezyne-usa-inc-taiwan-branch-http-levelsportkoncept-web-mywac-cz-img-7d7a797c7e7579786d6f7a7e-6b5c5a5a5a5a5b5a5a606063-a20000100669-jpgresize500?yith_wcan=1&product_tag=lezyne-usa-inc-taiwan-branch-http-levelsportkoncept-web-mywac-cz-img-7d7a797c7e7579786d6f7a7e-6b5c5a5a5a5a5b5a5a606063-a20000100669-jpgresize500&product_cat=posilovaci-gumy 
dvo-pruziny spank-rafky-podlozky",2026-04-02
"https://bikeskills.cz/product-tag/poc-sweden-ab-http-levelsportkoncept-web-mywac-cz-img-7d7a797c7e7579786d6f7a7e-6b5c5a5a5a5a5c5e625a6260-a20000248086-jpgresize500?yith_wcan=1&product_tag=poc-sweden-ab-http-levelsportkoncept-web-mywac-cz-img-7d7a797c7e7579786d6f7a7e-6b5c5a5a5a5a5c5e625a6260-a20000248086-jpgresize500&product_cat=lezyne-gps 
e-13-kliky spank-naboje-nahradni-dily lezyne-naradi-tire-repair",2026-04-02
"https://bikeskills.cz/product-tag/kine-max-professional-gym-ball-gymnasticky-mic-65cm-ruzovy?yith_wcan=1&product_tag=kine-max-professional-gym-ball-gymnasticky-mic-65cm-ruzovy&product_cat=poc-race-stuff 
dvo-vidlice",2026-04-02
"https://bikeskills.cz/product-tag/lezyne-usa-inc-taiwan-branch-http-levelsportkoncept-web-mywac-cz-img-7d7a797c7e7579786d6f7a7e-6b5c5a5a5a5a5b5a5a606063-a20000100669-jpgresize500?yith_wcan=1&product_tag=lezyne-usa-inc-taiwan-branch-http-levelsportkoncept-web-mywac-cz-img-7d7a797c7e7579786d6f7a7e-6b5c5a5a5a5a5b5a5a606063-a20000100669-jpgresize500&product_cat=e-13-zapletena-kola-29 
masazni-dvojmicky dvo-vidlice",2026-04-02
"https://bikeskills.cz/product-tag/kine-max-professional-massage-foam-roller-masazni-valec-modry?yith_wcan=1&product_tag=kine-max-professional-massage-foam-roller-masazni-valec-modry&product_cat=supacaz-kosiky 
poc neelasticka-full-coat-lepidlo-v-cele-vrstve",2026-04-02
"https://bikeskills.cz/product-tag/kine-max-professional-gym-ball-gymnasticky-mic-65cm-ruzovy?yith_wcan=1&product_tag=kine-max-professional-gym-ball-gymnasticky-mic-65cm-ruzovy&product_cat=e-13-kliky 
plaste",2026-04-02
"https://bikeskills.cz/product-tag/poc-sweden-ab-bryle?yith_wcan=1&product_tag=poc-sweden-ab-bryle&product_cat=dvo-tlumice 
lezyne",2026-04-02
"https://bikeskills.cz/product-tag/kine-max-neutral-massage-oil?yith_wcan=1&product_tag=kine-max-neutral-massage-oil&product_cat=balancni-cocky 
e-13-naboje-zadni",2026-04-02
"https://bikeskills.cz/product-tag/lezyne-usa-inc-taiwan-branch-http-levelsportkoncept-web-mywac-cz-img-7d7a797c7e7579786d6f7a7e-6b5c5a5a5a5a5b5a5a606063-a20000100669-jpgresize500?yith_wcan=1&product_tag=lezyne-usa-inc-taiwan-branch-http-levelsportkoncept-web-mywac-cz-img-7d7a797c7e7579786d6f7a7e-6b5c5a5a5a5a5b5a5a606063-a20000100669-jpgresize500&product_cat=spank-naboje-nahradni-dily 
dvo-vidlice poc-chranice tejpovaci-pasky",2026-04-02
"https://bikeskills.cz/product-tag/kine-max-professional-massage-foam-roller-masazni-valec-modry?yith_wcan=1&product_tag=kine-max-professional-massage-foam-roller-masazni-valec-modry&product_cat=posilovaci-gumy 
lezyne poc-bryle-slunecni",2026-04-02
"https://bikeskills.cz/product-tag/poc-sweden-ab-http-levelsportkoncept-web-mywac-cz-img-7d7a797c7e7579786d6f7a7e-6b5c5a5a5a5a5c5e625a6260-a20000248086-jpgresize500?yith_wcan=1&product_tag=poc-sweden-ab-http-levelsportkoncept-web-mywac-cz-img-7d7a797c7e7579786d6f7a7e-6b5c5a5a5a5a5c5e625a6260-a20000248086-jpgresize500&product_cat=lezyne-gps 
e-13-kliky spank-naboje-nahradni-dily balancni-cocky",2026-04-02
"https://bikeskills.cz/product-tag/kine-max-professional-gym-ball-gymnasticky-mic-65cm-ruzovy?yith_wcan=1&product_tag=kine-max-professional-gym-ball-gymnasticky-mic-65cm-ruzovy&product_cat=e-13-kliky 
e-13-plaste-29",2026-04-02
"https://bikeskills.cz/product-tag/kine-max-professional-gym-ball-gymnasticky-mic-65cm-ruzovy?yith_wcan=1&product_tag=kine-max-professional-gym-ball-gymnasticky-mic-65cm-ruzovy&product_cat=e-13-kliky 
cube-rental",2026-04-02
"https://bikeskills.cz/product-tag/poc-sweden-ab-http-levelsportkoncept-web-mywac-cz-img-7d7a797c7e7579786d6f7a7e-6b5c5a5a5a5a5c5e625a6260-a20000248086-jpgresize500?yith_wcan=1&product_tag=poc-sweden-ab-http-levelsportkoncept-web-mywac-cz-img-7d7a797c7e7579786d6f7a7e-6b5c5a5a5a5a5c5e625a6260-a20000248086-jpgresize500&product_cat=lezyne-gps 
e-13-kliky spank-naboje-nahradni-dily e-13-bezdusovy-system-ventilky",2026-04-02
"https://bikeskills.cz/product-tag/tubolitoduse-tubolito-x-tubo-cx-gravel-28-700c-sv60b?yith_wcan=1&product_tag=tubolitoduse-tubolito-x-tubo-cx-gravel-28-700c-sv60b&product_cat=produkty 
e-13-naboje-zadni",2026-04-02
"https://bikeskills.cz/product-tag/kine-max-professional-gym-ball-gymnasticky-mic-65cm-ruzovy?yith_wcan=1&product_tag=kine-max-professional-gym-ball-gymnasticky-mic-65cm-ruzovy&product_cat=poc-race-stuff 
e-13-pedaly-nahradni-dily",2026-04-02
"https://bikeskills.cz/product-tag/tubolitoduse-tubolito-road-700x18-32c-sv42?yith_wcan=1&product_tag=tubolitoduse-tubolito-road-700x18-32c-sv42&product_cat=spank-naboje 
e-13-kliky-e-spec",2026-04-02
"https://bikeskills.cz/product-tag/kine-max-professional-gym-ball-gymnasticky-mic-65cm-ruzovy?yith_wcan=1&product_tag=kine-max-professional-gym-ball-gymnasticky-mic-65cm-ruzovy&product_cat=e-13-kliky 
dvo",2026-04-02
"https://bikeskills.cz/product-tag/kine-max-professional-gym-ball-gymnasticky-mic-65cm-ruzovy?yith_wcan=1&product_tag=kine-max-professional-gym-ball-gymnasticky-mic-65cm-ruzovy&product_cat=e-13-kliky 
kalhoty",2026-04-02
"https://bikeskills.cz/product-tag/lezyne-usa-inc-taiwan-branch-http-levelsportkoncept-web-mywac-cz-img-7d7a797c7e7579786d6f7a7e-6b5c5a5a5a5a5b5a5a606063-a20000100669-jpgresize500?yith_wcan=1&product_tag=lezyne-usa-inc-taiwan-branch-http-levelsportkoncept-web-mywac-cz-img-7d7a797c7e7579786d6f7a7e-6b5c5a5a5a5a5b5a5a606063-a20000100669-jpgresize500&product_cat=posilovaci-gumy 
dvo-pruziny e-13-napinaky-retezu-nahradni-dily",2026-04-02
"https://bikeskills.cz/product-tag/poc-sweden-ab-http-levelsportkoncept-web-mywac-cz-img-7d7a797c7e7579786d6f7a7e-6b5c5a5a5a5a5c5e625a6260-a20000248086-jpgresize500?yith_wcan=1&product_tag=poc-sweden-ab-http-levelsportkoncept-web-mywac-cz-img-7d7a797c7e7579786d6f7a7e-6b5c5a5a5a5a5c5e625a6260-a20000248086-jpgresize500&product_cat=lezyne-gps 
e-13-kliky spank-naboje-nahradni-dily lezyne-naradi-multi-tools",2026-04-02
"https://bikeskills.cz/product-tag/lezyne-usa-inc-taiwan-branch-http-levelsportkoncept-web-mywac-cz-img-7d7a797c7e7579786d6f7a7e-6b5c5a5a5a5a5b5a5a606063-a20000100669-jpgresize500?yith_wcan=1&product_tag=lezyne-usa-inc-taiwan-branch-http-levelsportkoncept-web-mywac-cz-img-7d7a797c7e7579786d6f7a7e-6b5c5a5a5a5a5b5a5a606063-a20000100669-jpgresize500&product_cat=spank-naboje-nahradni-dily 
supacaz-doplnky samofix-obinadla",2026-04-02
"https://bikeskills.cz/product-tag/kine-max-professional-gym-ball-gymnasticky-mic-65cm-ruzovy?yith_wcan=1&product_tag=kine-max-professional-gym-ball-gymnasticky-mic-65cm-ruzovy&product_cat=e-13-kliky 
supacaz-kosiky",2026-04-02
"https://bikeskills.cz/product-tag/kine-max-professional-gym-ball-gymnasticky-mic-65cm-ruzovy?yith_wcan=1&product_tag=kine-max-professional-gym-ball-gymnasticky-mic-65cm-ruzovy&product_cat=e-13-kliky 
supacaz-lahve",2026-04-02
"https://bikeskills.cz/shop-kategorie/lezyne?yith_wcan=1&product_cat=lezyne 
lezyne-co2-inflators 5",2026-04-01
"https://bikeskills.cz/product-tag/kine-max-professional-gym-ball-gymnasticky-mic-65cm-stribrny?yith_wcan=1&product_tag=kine-max-professional-gym-ball-gymnasticky-mic-65cm-stribrny&product_cat=e-13 
e-13-kazety kinesiologicka-super-pro-rayon-75cm-zvysena-adheze",2026-03-31
"https://bikeskills.cz/product-tag/kine-max-professional-gym-ball-gymnasticky-mic-65cm-ruzovy?yith_wcan=1&product_tag=kine-max-professional-gym-ball-gymnasticky-mic-65cm-ruzovy&product_cat=e-13-kliky 
neelasticka-strips-coat-lepidlo-v-pruzich",2026-03-31
"https://bikeskills.cz/product-tag/kine-max-professional-gym-ball-gymnasticky-mic-65cm-ruzovy?yith_wcan=1&product_tag=kine-max-professional-gym-ball-gymnasticky-mic-65cm-ruzovy&product_cat=poc-race-stuff 
supacaz-lahve",2026-03-30
"https://bikeskills.cz/product-tag/poc-sweden-ab-http-levelsportkoncept-web-mywac-cz-img-7d7a797c7e7579786d6f7a7e-6b5c5a5a5a5a5c5e625a6260-a20000248086-jpgresize500?yith_wcan=1&product_tag=poc-sweden-ab-http-levelsportkoncept-web-mywac-cz-img-7d7a797c7e7579786d6f7a7e-6b5c5a5a5a5a5c5e625a6260-a20000248086-jpgresize500&product_cat=lezyne-gps 
e-13-kliky spank-naboje-nahradni-dily e-13-napinaky-retezu",2026-03-30
"https://bikeskills.cz/product-tag/poc-sweden-ab-http-levelsportkoncept-web-mywac-cz-img-7d7a797c7e7579786d6f7a7e-6b5c5a5a5a5a5c5e625a6260-a20000248086-jpgresize500?yith_wcan=1&product_tag=poc-sweden-ab-http-levelsportkoncept-web-mywac-cz-img-7d7a797c7e7579786d6f7a7e-6b5c5a5a5a5a5c5e625a6260-a20000248086-jpgresize500&product_cat=lezyne-gps 
e-13-kliky spank-naboje-nahradni-dily spank-zapletena-kola-predni",2026-03-30
"https://bikeskills.cz/product-tag/poc-sweden-ab-bryle?yith_wcan=1&product_tag=poc-sweden-ab-bryle&product_cat=spank-rafkove-pasky 
e-13-napinaky-retezu-e-spec lezyne-pumpy-hand-pumps",2026-03-30
"https://bikeskills.cz/product-tag/kine-max-professional-gym-ball-gymnasticky-mic-65cm-ruzovy?yith_wcan=1&product_tag=kine-max-professional-gym-ball-gymnasticky-mic-65cm-ruzovy&product_cat=poc-race-stuff 
balancni-pomuc",2026-03-29
"https://bikeskills.cz/product-tag/poc-sweden-ab-http-levelsportkoncept-web-mywac-cz-img-7d7a797c7e7579786d6f7a7e-6b5c5a5a5a5a5c5e625a6260-a20000248086-jpgresize500?yith_wcan=1&product_tag=poc-sweden-ab-http-levelsportkoncept-web-mywac-cz-img-7d7a797c7e7579786d6f7a7e-6b5c5a5a5a5a5c5e625a6260-a20000248086-jpgresize500&product_cat=lezyne-gps 
e-13-kliky spank-naboje-nahradni-dily poc-obleceni-transit-kolekce",2026-03-29
"https://bikeskills.cz/product-tag/tubolitoduse-tubolito-road-700x18-32c-sv42?yith_wcan=1&product_tag=tubolitoduse-tubolito-road-700x18-32c-sv42&product_cat=spank-naboje 
e-13-kazety",2026-03-29
"https://bikeskills.cz/product-tag/poc-sweden-ab-http-levelsportkoncept-web-mywac-cz-img-7d7a797c7e7579786d6f7a7e-6b5c5a5a5a5a5c5e625a6260-a20000248086-jpgresize500?yith_wcan=1&product_tag=poc-sweden-ab-http-levelsportkoncept-web-mywac-cz-img-7d7a797c7e7579786d6f7a7e-6b5c5a5a5a5a5c5e625a6260-a20000248086-jpgresize500&product_cat=lezyne-gps 
e-13-kliky spank-naboje-nahradni-dily e-13-pedaly",2026-03-29
"https://bikeskills.cz/product-tag/poc-sweden-ab-http-levelsportkoncept-web-mywac-cz-img-7d7a797c7e7579786d6f7a7e-6b5c5a5a5a5a5c5e625a6260-a20000248086-jpgresize500?yith_wcan=1&product_tag=poc-sweden-ab-http-levelsportkoncept-web-mywac-cz-img-7d7a797c7e7579786d6f7a7e-6b5c5a5a5a5a5c5e625a6260-a20000248086-jpgresize500&product_cat=lezyne-gps 
e-13-kliky spank-naboje-nahradni-dily e-13-pedaly-nahradni-dily",2026-03-28
"https://bikeskills.cz/product-tag/tubolitoduse-tubolito-x-tubo-cx-gravel-28-700c-sv60b?yith_wcan=1&product_tag=tubolitoduse-tubolito-x-tubo-cx-gravel-28-700c-sv60b&product_cat=produkty 
poc-obleceni-kalhoty",2026-03-28
"https://bikeskills.cz/product-tag/tubolitoduse-tubolito-x-tubo-cx-gravel-28-700c-sv60b?yith_wcan=1&product_tag=tubolitoduse-tubolito-x-tubo-cx-gravel-28-700c-sv60b&product_cat=produkty 
poc-bryle-mx-dh",2026-03-28
"https://bikeskills.cz/product-tag/tubolitoduse-tubolito-x-tubo-cx-gravel-28-700c-sv60b?yith_wcan=1&product_tag=tubolitoduse-tubolito-x-tubo-cx-gravel-28-700c-sv60b&product_cat=produkty 
poc-chranice",2026-03-28
"https://bikeskills.cz/product-tag/lezyne-usa-inc-taiwan-branch-http-levelsportkoncept-web-mywac-cz-img-7d7a797c7e7579786d6f7a7e-6b5c5a5a5a5a5b5a5a606063-a20000100669-jpgresize500?yith_wcan=1&product_tag=lezyne-usa-inc-taiwan-branch-http-levelsportkoncept-web-mywac-cz-img-7d7a797c7e7579786d6f7a7e-6b5c5a5a5a5a5b5a5a606063-a20000100669-jpgresize500&product_cat=e-13-zapletena-kola-29 
poc-obleceni-bundy-a-vesty",2026-03-28
"https://bikeskills.cz/product-tag/kine-max-professional-gym-ball-gymnasticky-mic-65cm-ruzovy?yith_wcan=1&product_tag=kine-max-professional-gym-ball-gymnasticky-mic-65cm-ruzovy&product_cat=e-13-stredova-slozeni 
poc-bryle-sjezdove",2026-03-27
"https://bikeskills.cz/product-tag/kine-max-professional-gym-ball-gymnasticky-mic-65cm-stribrny?yith_wcan=1&product_tag=kine-max-professional-gym-ball-gymnasticky-mic-65cm-stribrny&product_cat=e-13 
e-13-kazety rozmer-10cm-x-45m",2026-03-27
"https://bikeskills.cz/product-tag/lezyne-usa-inc-taiwan-branch-http-levelsportkoncept-web-mywac-cz-img-7d7a797c7e7579786d6f7a7e-6b5c5a5a5a5a5b5a5a606063-a20000100669-jpgresize500?yith_wcan=1&product_tag=lezyne-usa-inc-taiwan-branch-http-levelsportkoncept-web-mywac-cz-img-7d7a797c7e7579786d6f7a7e-6b5c5a5a5a5a5b5a5a606063-a20000100669-jpgresize500&product_cat=e-13-zapletena-kola-29 
masazni-dvojmicky e-13-prevodniky-m-profile",2026-03-27
"https://bikeskills.cz/product-tag/poc-sweden-ab-http-levelsportkoncept-web-mywac-cz-img-7d7a797c7e7579786d6f7a7e-6b5c5a5a5a5a5c5e625a6260-a20000248086-jpgresize500?yith_wcan=1&product_tag=poc-sweden-ab-http-levelsportkoncept-web-mywac-cz-img-7d7a797c7e7579786d6f7a7e-6b5c5a5a5a5a5c5e625a6260-a20000248086-jpgresize500&product_cat=lezyne-gps 
e-13-kliky spank-naboje-nahradni-dily supacaz-kosiky",2026-03-27
"https://bikeskills.cz/product-tag/poc-sweden-ab-http-levelsportkoncept-web-mywac-cz-img-7d7a797c7e7579786d6f7a7e-6b5c5a5a5a5a5c5e625a6260-a20000248086-jpgresize500?yith_wcan=1&product_tag=poc-sweden-ab-http-levelsportkoncept-web-mywac-cz-img-7d7a797c7e7579786d6f7a7e-6b5c5a5a5a5a5c5e625a6260-a20000248086-jpgresize500&product_cat=lezyne-gps 
e-13-kliky spank-naboje-nahradni-dily dvo-nahradni-dily-hardware",2026-03-27
"https://bikeskills.cz/product-tag/kine-max-professional-jump-rope-svihadlo?yith_wcan=1&product_tag=kine-max-professional-jump-rope-svihadlo&product_cat=rozmer-25cm-x-45m 
masazni-tyce",2026-03-27
"https://bikeskills.cz/product-tag/poc-sweden-ab-http-levelsportkoncept-web-mywac-cz-img-7d7a797c7e7579786d6f7a7e-6b5c5a5a5a5a5c5e625a6260-a20000248086-jpgresize500?yith_wcan=1&product_tag=poc-sweden-ab-http-levelsportkoncept-web-mywac-cz-img-7d7a797c7e7579786d6f7a7e-6b5c5a5a5a5a5c5e625a6260-a20000248086-jpgresize500&product_cat=lezyne-gps 
e-13-kliky spank-naboje-nahradni-dily e-13-kazety",2026-03-27
"https://bikeskills.cz/product-tag/tubolitoduse-tubolito-x-tubo-cx-gravel-28-700c-sv60b?yith_wcan=1&product_tag=tubolitoduse-tubolito-x-tubo-cx-gravel-28-700c-sv60b&product_cat=produkty 
poc-bryle-sjezdove",2026-03-27
"https://bikeskills.cz/product-tag/kine-max-professional-gym-ball-gymnasticky-mic-65cm-ruzovy?yith_wcan=1&product_tag=kine-max-professional-gym-ball-gymnasticky-mic-65cm-ruzovy&product_cat=poc-race-stuff 
supacaz-kosiky",2026-03-27
"https://bikeskills.cz/product-tag/tubolitoduse-tubolito-x-tubo-cx-gravel-28-700c-sv60b?yith_wcan=1&product_tag=tubolitoduse-tubolito-x-tubo-cx-gravel-28-700c-sv60b&product_cat=produkty 
dvo-tlumice-pruzinove",2026-03-27
"https://bikeskills.cz/product-tag/kine-max-professional-gym-ball-gymnasticky-mic-65cm-modry?yith_wcan=1&product_tag=kine-max-professional-gym-ball-gymnasticky-mic-65cm-modry&product_cat=smycky-mini-loop 
neelasticka-full-coat-lepidlo-v-cele-vrstve",2026-03-27
"https://bikeskills.cz/product-tag/tubolitoduse-tubolito-road-700x18-32c-sv42?yith_wcan=1&product_tag=tubolitoduse-tubolito-road-700x18-32c-sv42&product_cat=spank-naboje 
masazni-micky-masazni-micky",2026-03-27
"https://bikeskills.cz/product-tag/kine-max-neutral-massage-oil?yith_wcan=1&product_tag=kine-max-neutral-massage-oil&product_cat=balancni-cocky 
lezyne-pumpy-floor-pumps",2026-03-27
"https://bikeskills.cz/product-tag/tubolitoduse-tubolito-x-tubo-cx-gravel-28-700c-sv60b?yith_wcan=1&product_tag=tubolitoduse-tubolito-x-tubo-cx-gravel-28-700c-sv60b&product_cat=produkty 
maloja-leto",2026-03-27
"https://bikeskills.cz/product-tag/kine-max-professional-gym-ball-gymnasticky-mic-65cm-ruzovy?yith_wcan=1&product_tag=kine-max-professional-gym-ball-gymnasticky-mic-65cm-ruzovy&product_cat=e-13-kliky 
bikeworkx-maziva-na-retezy-univerzalni-oleje",2026-03-27
"https://bikeskills.cz/product-tag/kine-max-professional-gym-ball-gymnasticky-mic-65cm-ruzovy?yith_wcan=1&product_tag=kine-max-professional-gym-ball-gymnasticky-mic-65cm-ruzovy&product_cat=e-13-stredova-slozeni 
lezyne-doplnky",2026-03-27
"https://bikeskills.cz/product-tag/kine-max-neutral-massage-oil?yith_wcan=1&product_tag=kine-max-neutral-massage-oil&product_cat=balancni-cocky 
spank-rafky-gravel",2026-03-27
"https://bikeskills.cz/product-tag/poc-sweden-ab-http-levelsportkoncept-web-mywac-cz-img-7d7a797c7e7579786d6f7a7e-6b5c5a5a5a5a5c5e625a6260-a20000248086-jpgresize500?yith_wcan=1&product_tag=poc-sweden-ab-http-levelsportkoncept-web-mywac-cz-img-7d7a797c7e7579786d6f7a7e-6b5c5a5a5a5a5c5e625a6260-a20000248086-jpgresize500&product_cat=lezyne-gps 
e-13-kliky spank-naboje-nahradni-dily 5-e-13-zapletena-kola",2026-03-27
"https://bikeskills.cz/product-tag/kine-max-professional-gym-ball-gymnasticky-mic-65cm-ruzovy?yith_wcan=1&product_tag=kine-max-professional-gym-ball-gymnasticky-mic-65cm-ruzovy&product_cat=e-13-kliky 
balancni-pomuc",2026-03-27
"https://bikeskills.cz/product-tag/kine-max-professional-gym-ball-gymnasticky-mic-65cm-ruzovy?yith_wcan=1&product_tag=kine-max-professional-gym-ball-gymnasticky-mic-65cm-ruzovy&product_cat=e-13-kliky 
bikeworkx-prislusenstvi",2026-03-27
"https://bikeskills.cz/product-tag/kine-max-professional-gym-ball-gymnasticky-mic-65cm-ruzovy?yith_wcan=1&product_tag=kine-max-professional-gym-ball-gymnasticky-mic-65cm-ruzovy&product_cat=poc-race-stuff 
dvo",2026-03-27
"https://bikeskills.cz/product-tag/poc-sweden-ab-http-levelsportkoncept-web-mywac-cz-img-7d7a797c7e7579786d6f7a7e-6b5c5a5a5a5a5c5e625a6260-a20000248086-jpgresize500?yith_wcan=1&product_tag=poc-sweden-ab-http-levelsportkoncept-web-mywac-cz-img-7d7a797c7e7579786d6f7a7e-6b5c5a5a5a5a5c5e625a6260-a20000248086-jpgresize500&product_cat=lezyne-gps 
e-13-kliky spank-naboje-nahradni-dily e-13-bezdusovy-system",2026-03-27
"https://bikeskills.cz/product-tag/kine-max-neutral-massage-oil?yith_wcan=1&product_tag=kine-max-neutral-massage-oil&product_cat=balancni-cocky 
dvo-vidlice",2026-03-27
"https://bikeskills.cz/product-tag/kine-max-neutral-massage-oil?yith_wcan=1&product_tag=kine-max-neutral-massage-oil&product_cat=balancni-cocky 
produkty",2026-03-27
"https://bikeskills.cz/product-tag/kine-max-neutral-massage-oil?yith_wcan=1&product_tag=kine-max-neutral-massage-oil&product_cat=balancni-cocky 
dynamicke-ctyrstranne-roztazitelna",2026-03-27
"https://bikeskills.cz/product-tag/kine-max-neutral-massage-oil?yith_wcan=1&product_tag=kine-max-neutral-massage-oil&product_cat=balancni-cocky 
dvo-pruziny-prorate-ls-spring",2026-03-26
"https://bikeskills.cz/product-tag/kine-max-professional-jump-rope-svihadlo?yith_wcan=1&product_tag=kine-max-professional-jump-rope-svihadlo&product_cat=dresy-telka 
rozmer-10cm-x-45m",2026-03-26
"https://bikeskills.cz/product-tag/kine-max-neutral-massage-oil?yith_wcan=1&product_tag=kine-max-neutral-massage-oil&product_cat=balancni-cocky 
bikeworkx-pasty",2026-03-26
"https://bikeskills.cz/product-tag/kine-max-professional-gym-ball-gymnasticky-mic-65cm-ruzovy?yith_wcan=1&product_tag=kine-max-professional-gym-ball-gymnasticky-mic-65cm-ruzovy&product_cat=knihy 
posilovaci-gumy 5",2026-03-26
"https://bikeskills.cz/product-tag/kine-max-neutral-massage-oil?yith_wcan=1&product_tag=kine-max-neutral-massage-oil&product_cat=balancni-cocky 
e-13-teleskopicke-sedlovky",2026-03-26
"https://bikeskills.cz/product-tag/kine-max-neutral-massage-oil?yith_wcan=1&product_tag=kine-max-neutral-massage-oil&product_cat=balancni-cocky 
e-13-kliky",2026-03-26
"https://bikeskills.cz/product-tag/kine-max-neutral-massage-oil?yith_wcan=1&product_tag=kine-max-neutral-massage-oil&product_cat=balancni-cocky 
fullsuspension",2026-03-26
"https://bikeskills.cz/product-tag/kine-max-neutral-massage-oil?yith_wcan=1&product_tag=kine-max-neutral-massage-oil&product_cat=balancni-cocky 
spank-riditka-gravel",2026-03-26
"https://bikeskills.cz/product-tag/kine-max-professional-gym-ball-gymnasticky-mic-65cm-modry?yith_wcan=1&product_tag=kine-max-professional-gym-ball-gymnasticky-mic-65cm-modry&product_cat=ostatni 
produkty supacaz-textil",2026-03-26
"https://bikeskills.cz/product-tag/kine-max-neutral-massage-oil?yith_wcan=1&product_tag=kine-max-neutral-massage-oil&product_cat=balancni-cocky 
neelasticka-full-coat-lepidlo-v-cele-vrstve",2026-03-26
"https://bikeskills.cz/product-tag/kine-max-neutral-massage-oil?yith_wcan=1&product_tag=kine-max-neutral-massage-oil&product_cat=balancni-cocky 
supacaz-doplnky",2026-03-26
"https://bikeskills.cz/product-tag/kine-max-professional-gym-ball-gymnasticky-mic-65cm-ruzovy?yith_wcan=1&product_tag=kine-max-professional-gym-ball-gymnasticky-mic-65cm-ruzovy&product_cat=e-13-kliky 
spank-pedaly-nahradni-dily",2026-03-26
"https://bikeskills.cz/product-tag/poc-sweden-ab-http-levelsportkoncept-web-mywac-cz-img-7d7a797c7e7579786d6f7a7e-6b5c5a5a5a5a5c5e625a6260-a20000248086-jpgresize500?yith_wcan=1&product_tag=poc-sweden-ab-http-levelsportkoncept-web-mywac-cz-img-7d7a797c7e7579786d6f7a7e-6b5c5a5a5a5a5c5e625a6260-a20000248086-jpgresize500&product_cat=lezyne-gps 
e-13-kliky spank-naboje-nahradni-dily e-13-predstavce-40mm",2026-03-26
"https://bikeskills.cz/shop-kategorie/lezyne?yith_wcan=1&product_cat=lezyne 
spank-riditka-mtb poc-prilby-snow e-13-bezdusovy-system-rafkove-pasky",2026-03-26
"https://bikeskills.cz/product-tag/kine-max-neutral-massage-oil?yith_wcan=1&product_tag=kine-max-neutral-massage-oil&product_cat=balancni-cocky 
nuzky-ostatni",2026-03-26
"https://bikeskills.cz/product-tag/kine-max-professional-massage-foam-roller-masazni-valec-modry?yith_wcan=1&product_tag=kine-max-professional-massage-foam-roller-masazni-valec-modry&product_cat=e-13 
knihy poc-chranice",2026-03-26
"https://bikeskills.cz/product-tag/poc-sweden-ab-http-levelsportkoncept-web-mywac-cz-img-7d7a797c7e7579786d6f7a7e-6b5c5a5a5a5a5c5e625a6260-a20000248086-jpgresize500?yith_wcan=1&product_tag=poc-sweden-ab-http-levelsportkoncept-web-mywac-cz-img-7d7a797c7e7579786d6f7a7e-6b5c5a5a5a5a5c5e625a6260-a20000248086-jpgresize500&product_cat=lezyne-gps 
e-13-kliky spank-naboje-nahradni-dily e-13-prevodniky",2026-03-26
"https://bikeskills.cz/product-tag/kine-max-neutral-massage-oil?yith_wcan=1&product_tag=kine-max-neutral-massage-oil&product_cat=balancni-cocky 
poc-obleceni-rukavice",2026-03-26
"https://bikeskills.cz/product-tag/kine-max-neutral-massage-oil?yith_wcan=1&product_tag=kine-max-neutral-massage-oil&product_cat=balancni-cocky 
e-13-predstavce-50mm",2026-03-26
"https://bikeskills.cz/product-tag/kine-max-professional-massage-foam-roller-masazni-valec-modry?yith_wcan=1&product_tag=kine-max-professional-massage-foam-roller-masazni-valec-modry&product_cat=e-13 
knihy e-13-plaste-27",2026-03-26
"https://bikeskills.cz/product-tag/lezyne-usa-inc-taiwan-branch-http-levelsportkoncept-web-mywac-cz-img-7d7a797c7e7579786d6f7a7e-6b5c5a5a5a5a5b5a5a606063-a20000100669-jpgresize500?yith_wcan=1&product_tag=lezyne-usa-inc-taiwan-branch-http-levelsportkoncept-web-mywac-cz-img-7d7a797c7e7579786d6f7a7e-6b5c5a5a5a5a5b5a5a606063-a20000100669-jpgresize500&product_cat=e-13-zapletena-kola-29 
masazni-dvojmicky e-13-plaste-29",2026-03-26
"https://bikeskills.cz/product-tag/kine-max-neutral-massage-oil?yith_wcan=1&product_tag=kine-max-neutral-massage-oil&product_cat=balancni-cocky 
5",2026-03-26
"https://bikeskills.cz/product-tag/kine-max-professional-massage-foam-roller-masazni-valec-modry?yith_wcan=1&product_tag=kine-max-professional-massage-foam-roller-masazni-valec-modry&product_cat=e-13 
knihy spank-zapletena-kola-zadni",2026-03-26
"https://bikeskills.cz/product-tag/poc-sweden-ab-http-levelsportkoncept-web-mywac-cz-img-7d7a797c7e7579786d6f7a7e-6b5c5a5a5a5a5c5e625a6260-a20000248086-jpgresize500?yith_wcan=1&product_tag=poc-sweden-ab-http-levelsportkoncept-web-mywac-cz-img-7d7a797c7e7579786d6f7a7e-6b5c5a5a5a5a5c5e625a6260-a20000248086-jpgresize500&product_cat=lezyne-gps 
e-13-kliky spank-naboje-nahradni-dily cyklisticke-obleceni",2026-03-26
"https://bikeskills.cz/product-tag/kine-max-neutral-massage-oil?yith_wcan=1&product_tag=kine-max-neutral-massage-oil&product_cat=balancni-cocky 
e-13-pedaly",2026-03-26
"https://bikeskills.cz/product-tag/kine-max-neutral-massage-oil?yith_wcan=1&product_tag=kine-max-neutral-massage-oil&product_cat=balancni-cocky 
ostatni",2026-03-26
"https://bikeskills.cz/product-tag/kine-max-neutral-massage-oil?yith_wcan=1&product_tag=kine-max-neutral-massage-oil&product_cat=balancni-cocky 
bezdusovy-tmel",2026-03-26
"https://bikeskills.cz/product-tag/kine-max-neutral-massage-oil?yith_wcan=1&product_tag=kine-max-neutral-massage-oil&product_cat=balancni-cocky 
masazni-tyce",2026-03-26
"https://bikeskills.cz/product-tag/kine-max-neutral-massage-oil?yith_wcan=1&product_tag=kine-max-neutral-massage-oil&product_cat=balancni-cocky 
e-13-kazety-race",2026-03-26
"https://bikeskills.cz/product-tag/kine-max-neutral-massage-oil?yith_wcan=1&product_tag=kine-max-neutral-massage-oil&product_cat=balancni-cocky 
e-13",2026-03-26
"https://bikeskills.cz/product-tag/kine-max-neutral-massage-oil?yith_wcan=1&product_tag=kine-max-neutral-massage-oil&product_cat=balancni-cocky 
spank-zapletena-kola-zadni",2026-03-26
"https://bikeskills.cz/product-tag/e-13-naboje-predni?yith_wcan=1&product_tag=e-13-naboje-predni&product_cat=dvo-vidlice-29 
poc-obleceni bikeworkx-vazeliny",2026-03-26
"https://bikeskills.cz/product-tag/kine-max-professional-jump-rope-svihadlo?yith_wcan=1&product_tag=kine-max-professional-jump-rope-svihadlo&product_cat=rozmer-25cm-x-45m 
lezyne-gps-gps",2026-03-26
"https://bikeskills.cz/product-tag/lezyne-usa-inc-taiwan-branch-http-levelsportkoncept-web-mywac-cz-img-7d7a797c7e7579786d6f7a7e-6b5c5a5a5a5a5b5a5a606063-a20000100669-jpgresize500?yith_wcan=1&product_tag=lezyne-usa-inc-taiwan-branch-http-levelsportkoncept-web-mywac-cz-img-7d7a797c7e7579786d6f7a7e-6b5c5a5a5a5a5b5a5a606063-a20000100669-jpgresize500&product_cat=e-13-zapletena-kola-29 
masazni-dvojmicky e-13-naboje-zadni",2026-03-26
"https://bikeskills.cz/product-tag/kine-max-professional-gym-ball-gymnasticky-mic-65cm-modry?yith_wcan=1&product_tag=kine-max-professional-gym-ball-gymnasticky-mic-65cm-modry&product_cat=smycky-mini-loop 
masaz-valce-tyce",2026-03-26
"https://bikeskills.cz/shop-kategorie/dvo/dvo-nahradni-dily?yith_wcan=1&product_cat=dvo-nahradni-dily 
maloja-zeny e-13-predstavce-50mm",2026-03-26
"https://bikeskills.cz/product-tag/kine-max-neutral-massage-oil?yith_wcan=1&product_tag=kine-max-neutral-massage-oil&product_cat=balancni-cocky 
spank-riditka-mtb",2026-03-26
"https://bikeskills.cz/product-tag/lezyne-usa-inc-taiwan-branch-http-levelsportkoncept-web-mywac-cz-img-7d7a797c7e7579786d6f7a7e-6b5c5a5a5a5a5b5a5a606063-a20000100669-jpgresize500?yith_wcan=1&product_tag=lezyne-usa-inc-taiwan-branch-http-levelsportkoncept-web-mywac-cz-img-7d7a797c7e7579786d6f7a7e-6b5c5a5a5a5a5b5a5a606063-a20000100669-jpgresize500&product_cat=spank-naboje-nahradni-dily 
dvo-vidlice poc-chranice e-13-kliky-mtb-gravel",2026-03-26
"https://bikeskills.cz/product-tag/kine-max-professional-gym-ball-gymnasticky-mic-65cm-ruzovy?yith_wcan=1&product_tag=kine-max-professional-gym-ball-gymnasticky-mic-65cm-ruzovy&product_cat=e-13-kliky 
spank-zapletena-kola",2026-03-26
"https://bikeskills.cz/product-tag/kine-max-neutral-massage-oil?yith_wcan=1&product_tag=kine-max-neutral-massage-oil&product_cat=balancni-cocky 
spank-naboje-volnobezky",2026-03-26
"https://bikeskills.cz/product-tag/e-13-naboje-predni?yith_wcan=1&product_tag=e-13-naboje-predni&product_cat=dvo-vidlice-29 
poc-obleceni e-13-predstavce-40mm",2026-03-26
"https://bikeskills.cz/product-tag/kine-max-professional-gym-ball-gymnasticky-mic-65cm-ruzovy?yith_wcan=1&product_tag=kine-max-professional-gym-ball-gymnasticky-mic-65cm-ruzovy&product_cat=e-13-kliky 
spank-rafky-polepy",2026-03-26
"https://bikeskills.cz/product-tag/tubolitoduse-tubolito-x-tubo-cx-gravel-28-700c-sv60b?yith_wcan=1&product_tag=tubolitoduse-tubolito-x-tubo-cx-gravel-28-700c-sv60b&product_cat=produkty 
poc-obleceni-doplnky",2026-03-26
"https://bikeskills.cz/product-tag/kine-max-neutral-massage-oil?yith_wcan=1&product_tag=kine-max-neutral-massage-oil&product_cat=balancni-cocky 
smycky-super-loop",2026-03-26
"https://bikeskills.cz/product-tag/kine-max-professional-gym-ball-gymnasticky-mic-65cm-ruzovy?yith_wcan=1&product_tag=kine-max-professional-gym-ball-gymnasticky-mic-65cm-ruzovy&product_cat=e-13-kliky 
e-13-teleskopicke-sedlovky",2026-03-26
"https://bikeskills.cz/product-tag/kine-max-neutral-massage-oil?yith_wcan=1&product_tag=kine-max-neutral-massage-oil&product_cat=balancni-cocky 
e-13-bezdusovy-system-ventilky",2026-03-26
"https://bikeskills.cz/product-tag/kine-max-professional-gym-ball-gymnasticky-mic-65cm-ruzovy?yith_wcan=1&product_tag=kine-max-professional-gym-ball-gymnasticky-mic-65cm-ruzovy&product_cat=e-13-kliky 
spank-riditka",2026-03-26
"https://bikeskills.cz/product-tag/kine-max-neutral-massage-oil?yith_wcan=1&product_tag=kine-max-neutral-massage-oil&product_cat=balancni-cocky 
lezyne-naradi-multi-tools",2026-03-26
"https://bikeskills.cz/product-tag/poc-sweden-ab-http-levelsportkoncept-web-mywac-cz-img-7d7a797c7e7579786d6f7a7e-6b5c5a5a5a5a5c5e625a6260-a20000248086-jpgresize500?yith_wcan=1&product_tag=poc-sweden-ab-http-levelsportkoncept-web-mywac-cz-img-7d7a797c7e7579786d6f7a7e-6b5c5a5a5a5a5c5e625a6260-a20000248086-jpgresize500&product_cat=lezyne-gps 
e-13-kliky spank-naboje-nahradni-dily 5-dvo-vidlice",2026-03-26
"https://bikeskills.cz/product-tag/kine-max-professional-massage-foam-roller-masazni-valec-eva-foam-90cm-modry?yith_wcan=1&product_tag=kine-max-professional-massage-foam-roller-masazni-valec-eva-foam-90cm-modry&product_cat=e-13-pedaly 
masazni-valce e-13-prevodniky",2026-03-26
"https://bikeskills.cz/product-tag/kine-max-professional-gym-ball-gymnasticky-mic-65cm-ruzovy?yith_wcan=1&product_tag=kine-max-professional-gym-ball-gymnasticky-mic-65cm-ruzovy&product_cat=poc-race-stuff 
poc",2026-03-26
"https://bikeskills.cz/product-tag/kine-max-professional-massage-foam-roller-masazni-valec-modry?yith_wcan=1&product_tag=kine-max-professional-massage-foam-roller-masazni-valec-modry&product_cat=e-13 
knihy dvo-pruziny-prorate-ls-spring",2026-03-26
"https://bikeskills.cz/product-tag/poc-sweden-ab-http-levelsportkoncept-web-mywac-cz-img-7d7a797c7e7579786d6f7a7e-6b5c5a5a5a5a5c5e625a6260-a20000248086-jpgresize500?yith_wcan=1&product_tag=poc-sweden-ab-http-levelsportkoncept-web-mywac-cz-img-7d7a797c7e7579786d6f7a7e-6b5c5a5a5a5a5c5e625a6260-a20000248086-jpgresize500&product_cat=lezyne-gps 
e-13-kliky spank-naboje-nahradni-dily e-13-plaste-montpaky",2026-03-26
"https://bikeskills.cz/product-tag/kine-max-neutral-massage-oil?yith_wcan=1&product_tag=kine-max-neutral-massage-oil&product_cat=balancni-cocky 
spank-naboje-adaptery",2026-03-26
"https://bikeskills.cz/product-tag/kine-max-neutral-massage-oil?yith_wcan=1&product_tag=kine-max-neutral-massage-oil&product_cat=balancni-cocky 
spank-naboje-nahradni-dily",2026-03-25
"https://bikeskills.cz/shop-kategorie/dvo/dvo-nahradni-dily?yith_wcan=1&product_cat=dvo-nahradni-dily 
maloja-zeny masazni-micky",2026-03-25
"https://bikeskills.cz/product-tag/kine-max-professional-gym-ball-gymnasticky-mic-65cm-modry?yith_wcan=1&product_tag=kine-max-professional-gym-ball-gymnasticky-mic-65cm-modry&product_cat=ostatni 
produkty poc-prilby",2026-03-25
"https://bikeskills.cz/product-tag/poc-sweden-ab-http-levelsportkoncept-web-mywac-cz-img-7d7a797c7e7579786d6f7a7e-6b5c5a5a5a5a5c5e625a6260-a20000248086-jpgresize500?yith_wcan=1&product_tag=poc-sweden-ab-http-levelsportkoncept-web-mywac-cz-img-7d7a797c7e7579786d6f7a7e-6b5c5a5a5a5a5c5e625a6260-a20000248086-jpgresize500&product_cat=lezyne-gps 
e-13-kliky spank-naboje-nahradni-dily spank-sedla",2026-03-25
"https://bikeskills.cz/product-tag/kine-max-neutral-massage-oil?yith_wcan=1&product_tag=kine-max-neutral-massage-oil&product_cat=balancni-cocky 
tejpovaci-pasky",2026-03-25
"https://bikeskills.cz/product-tag/kine-max-neutral-massage-oil?yith_wcan=1&product_tag=kine-max-neutral-massage-oil&product_cat=balancni-cocky 
poc-batohy-a-tasky",2026-03-25
"https://bikeskills.cz/product-tag/poc-sweden-ab-http-levelsportkoncept-web-mywac-cz-img-7d7a797c7e7579786d6f7a7e-6b5c5a5a5a5a5c5e625a6260-a20000248086-jpgresize500?yith_wcan=1&product_tag=poc-sweden-ab-http-levelsportkoncept-web-mywac-cz-img-7d7a797c7e7579786d6f7a7e-6b5c5a5a5a5a5c5e625a6260-a20000248086-jpgresize500&product_cat=lezyne-gps 
e-13-kliky spank-naboje-nahradni-dily lezyne-naradi-tire-levers",2026-03-25
"https://bikeskills.cz/shop-kategorie/dvo/dvo-nahradni-dily?yith_wcan=1&product_cat=dvo-nahradni-dily 
maloja-zeny rozmer-75cm-x-45m",2026-03-25
"https://bikeskills.cz/product-tag/kine-max-neutral-massage-oil?yith_wcan=1&product_tag=kine-max-neutral-massage-oil&product_cat=balancni-cocky 
lezyne-gps",2026-03-25
"https://bikeskills.cz/product-tag/tubolitoduse-tubolito-road-700x18-32c-sv42?yith_wcan=1&product_tag=tubolitoduse-tubolito-road-700x18-32c-sv42&product_cat=spank-naboje 
e-13-napinaky-retezu-e-spec",2026-03-25
"https://bikeskills.cz/product-tag/kine-max-neutral-massage-oil?yith_wcan=1&product_tag=kine-max-neutral-massage-oil&product_cat=balancni-cocky 
poc-chranice",2026-03-25
"https://bikeskills.cz/product-tag/kine-max-professional-gym-ball-gymnasticky-mic-65cm-ruzovy?yith_wcan=1&product_tag=kine-max-professional-gym-ball-gymnasticky-mic-65cm-ruzovy&product_cat=e-13-kliky 
rozmer-25cm-x-45m",2026-03-25
"https://bikeskills.cz/product-tag/kine-max-professional-massage-foam-roller-masazni-valec-modry?yith_wcan=1&product_tag=kine-max-professional-massage-foam-roller-masazni-valec-modry&product_cat=supacaz-kosiky 
poc poc-obleceni-bundy-a-vesty",2026-03-25
"https://bikeskills.cz/product-tag/tubolitoduse-tubolito-x-tubo-cx-gravel-28-700c-sv60b?yith_wcan=1&product_tag=tubolitoduse-tubolito-x-tubo-cx-gravel-28-700c-sv60b&product_cat=produkty 
e-13-pedaly",2026-03-25
"https://bikeskills.cz/product-tag/kine-max-neutral-massage-oil?yith_wcan=1&product_tag=kine-max-neutral-massage-oil&product_cat=balancni-cocky 
supacaz-gripy",2026-03-25
"https://bikeskills.cz/product-tag/kine-max-neutral-massage-oil?yith_wcan=1&product_tag=kine-max-neutral-massage-oil&product_cat=balancni-cocky 
lezyne-doplnky-bottle-cages",2026-03-25
"https://bikeskills.cz/product-tag/tubolitoduse-tubolito-x-tubo-cx-gravel-28-700c-sv60b?yith_wcan=1&product_tag=tubolitoduse-tubolito-x-tubo-cx-gravel-28-700c-sv60b&product_cat=produkty 
poc-bryle-slunecni",2026-03-25
"https://bikeskills.cz/product-tag/kine-max-professional-gym-ball-gymnasticky-mic-65cm-ruzovy?yith_wcan=1&product_tag=kine-max-professional-gym-ball-gymnasticky-mic-65cm-ruzovy&product_cat=e-13-kliky 
kalhoty-volnocasove-obleceni",2026-03-25
"https://bikeskills.cz/product-tag/kine-max-neutral-massage-oil?yith_wcan=1&product_tag=kine-max-neutral-massage-oil&product_cat=balancni-cocky 
poc-bryle-mx-dh",2026-03-25
"https://bikeskills.cz/product-tag/kine-max-professional-gym-ball-gymnasticky-mic-65cm-ruzovy?yith_wcan=1&product_tag=kine-max-professional-gym-ball-gymnasticky-mic-65cm-ruzovy&product_cat=e-13-kliky 
spank-naboje-adaptery",2026-03-25
"https://bikeskills.cz/product-tag/tubolitoduse-tubolito-x-tubo-cx-gravel-28-700c-sv60b?yith_wcan=1&product_tag=tubolitoduse-tubolito-x-tubo-cx-gravel-28-700c-sv60b&product_cat=produkty 
e-13-kliky-e-spec",2026-03-25
"https://bikeskills.cz/product-tag/kine-max-neutral-massage-oil?yith_wcan=1&product_tag=kine-max-neutral-massage-oil&product_cat=balancni-cocky 
e-13-stredova-slozeni-pressfit",2026-03-25
"https://bikeskills.cz/product-tag/kine-max-neutral-massage-oil?yith_wcan=1&product_tag=kine-max-neutral-massage-oil&product_cat=balancni-cocky 
e-13-naboje",2026-03-25
"https://bikeskills.cz/product-tag/lezyne-usa-inc-taiwan-branch-http-levelsportkoncept-web-mywac-cz-img-7d7a797c7e7579786d6f7a7e-6b5c5a5a5a5a5b5a5a606063-a20000100669-jpgresize500?yith_wcan=1&product_tag=lezyne-usa-inc-taiwan-branch-http-levelsportkoncept-web-mywac-cz-img-7d7a797c7e7579786d6f7a7e-6b5c5a5a5a5a5b5a5a606063-a20000100669-jpgresize500&product_cat=spank-naboje-nahradni-dily 
dvo-vidlice poc-chranice rozmer-25cm-x-45m",2026-03-25
"https://bikeskills.cz/product-tag/poc-sweden-ab-http-levelsportkoncept-web-mywac-cz-img-7d7a797c7e7579786d6f7a7e-6b5c5a5a5a5a5c5e625a6260-a20000248086-jpgresize500?yith_wcan=1&product_tag=poc-sweden-ab-http-levelsportkoncept-web-mywac-cz-img-7d7a797c7e7579786d6f7a7e-6b5c5a5a5a5a5c5e625a6260-a20000248086-jpgresize500&product_cat=lezyne-gps 
e-13-kliky spank-naboje-nahradni-dily e-13-kazety-race",2026-03-25
"https://bikeskills.cz/product-tag/kine-max-neutral-massage-oil?yith_wcan=1&product_tag=kine-max-neutral-massage-oil&product_cat=balancni-cocky 
neelasticka-strips-coat-lepidlo-v-pruzich",2026-03-21
"https://bikeskills.cz/product-tag/kine-max-neutral-massage-oil?yith_wcan=1&product_tag=kine-max-neutral-massage-oil&product_cat=balancni-cocky 
masazni-micky",2026-03-21
"https://bikeskills.cz/product-tag/poc-sweden-ab-http-levelsportkoncept-web-mywac-cz-img-7d7a797c7e7579786d6f7a7e-6b5c5a5a5a5a5c5e625a6260-a20000248086-jpgresize500?yith_wcan=1&product_tag=poc-sweden-ab-http-levelsportkoncept-web-mywac-cz-img-7d7a797c7e7579786d6f7a7e-6b5c5a5a5a5a5c5e625a6260-a20000248086-jpgresize500&product_cat=lezyne-gps 
e-13-kliky spank-naboje-nahradni-dily bikeworkx-cistice-retezu-myti-rukou",2026-03-20
"https://bikeskills.cz/product-tag/poc-sweden-ab-http-levelsportkoncept-web-mywac-cz-img-7d7a797c7e7579786d6f7a7e-6b5c5a5a5a5a5c5e625a6260-a20000248086-jpgresize500?yith_wcan=1&product_tag=poc-sweden-ab-http-levelsportkoncept-web-mywac-cz-img-7d7a797c7e7579786d6f7a7e-6b5c5a5a5a5a5c5e625a6260-a20000248086-jpgresize500&product_cat=lezyne-gps 
e-13-kliky spank-naboje-nahradni-dily e-13-podlozky-vicka",2026-03-20
"https://bikeskills.cz/product-tag/kine-max-neutral-massage-oil?yith_wcan=1&product_tag=kine-max-neutral-massage-oil&product_cat=balancni-cocky 
lezyne-doplnky-bells",2026-03-20
"https://bikeskills.cz/product-tag/kine-max-professional-gym-ball-gymnasticky-mic-65cm-ruzovy?yith_wcan=1&product_tag=kine-max-professional-gym-ball-gymnasticky-mic-65cm-ruzovy&product_cat=e-13-kliky 
lezyne-naradi-tire-repair",2026-03-20
"https://bikeskills.cz/product-tag/lezyne-usa-inc-taiwan-branch-http-levelsportkoncept-web-mywac-cz-img-7d7a797c7e7579786d6f7a7e-6b5c5a5a5a5a5b5a5a606063-a20000100669-jpgresize500?yith_wcan=1&product_tag=lezyne-usa-inc-taiwan-branch-http-levelsportkoncept-web-mywac-cz-img-7d7a797c7e7579786d6f7a7e-6b5c5a5a5a5a5b5a5a606063-a20000100669-jpgresize500&product_cat=spank-naboje-nahradni-dily 
supacaz-doplnky poc",2026-03-20
"https://bikeskills.cz/product-tag/kine-max-professional-gym-ball-gymnasticky-mic-65cm-ruzovy?yith_wcan=1&product_tag=kine-max-professional-gym-ball-gymnasticky-mic-65cm-ruzovy&product_cat=e-13-stredova-slozeni 
spank-naboje-zadni",2026-03-20
"https://bikeskills.cz/product-tag/lezyne-usa-inc-taiwan-branch-http-levelsportkoncept-web-mywac-cz-img-7d7a797c7e7579786d6f7a7e-6b5c5a5a5a5a5b5a5a606063-a20000100669-jpgresize500?yith_wcan=1&product_tag=lezyne-usa-inc-taiwan-branch-http-levelsportkoncept-web-mywac-cz-img-7d7a797c7e7579786d6f7a7e-6b5c5a5a5a5a5b5a5a606063-a20000100669-jpgresize500&product_cat=spank-naboje-nahradni-dily 
dvo-vidlice poc-chranice e-13",2026-03-20
"https://bikeskills.cz/product-tag/kine-max-professional-gym-ball-gymnasticky-mic-65cm-ruzovy?yith_wcan=1&product_tag=kine-max-professional-gym-ball-gymnasticky-mic-65cm-ruzovy&product_cat=e-13-kliky 
lezyne-naradi",2026-03-19
"https://bikeskills.cz/product-tag/poc-sweden-ab-http-levelsportkoncept-web-mywac-cz-img-7d7a797c7e7579786d6f7a7e-6b5c5a5a5a5a5c5e625a6260-a20000248086-jpgresize500?yith_wcan=1&product_tag=poc-sweden-ab-http-levelsportkoncept-web-mywac-cz-img-7d7a797c7e7579786d6f7a7e-6b5c5a5a5a5a5c5e625a6260-a20000248086-jpgresize500&product_cat=lezyne-gps 
e-13-kliky spank-naboje-nahradni-dily e-13-teleskopicke-sedlovky",2026-03-19
"https://bikeskills.cz/product-tag/kine-max-professional-gym-ball-gymnasticky-mic-65cm-ruzovy?yith_wcan=1&product_tag=kine-max-professional-gym-ball-gymnasticky-mic-65cm-ruzovy&product_cat=e-13-kliky 
lezyne-doplnky-phone-holders",2026-03-19
"https://bikeskills.cz/product-tag/kine-max-professional-massage-foam-roller-masazni-valec-eva-foam-90cm-modry?yith_wcan=1&product_tag=kine-max-professional-massage-foam-roller-masazni-valec-eva-foam-90cm-modry&product_cat=e-13-pedaly 
poc-bryle-sjezdove cube-rental",2026-03-18
"https://bikeskills.cz/product-tag/lezyne-usa-inc-taiwan-branch-http-levelsportkoncept-web-mywac-cz-img-7d7a797c7e7579786d6f7a7e-6b5c5a5a5a5a5b5a5a606063-a20000100669-jpgresize500?yith_wcan=1&product_tag=lezyne-usa-inc-taiwan-branch-http-levelsportkoncept-web-mywac-cz-img-7d7a797c7e7579786d6f7a7e-6b5c5a5a5a5a5b5a5a606063-a20000100669-jpgresize500&product_cat=spank-naboje-nahradni-dily 
dvo-vidlice poc-chranice kinesiologicka-super-pro-cotton-zvysena-adheze",2026-03-18
"https://bikeskills.cz/product-tag/kine-max-professional-gym-ball-gymnasticky-mic-65cm-modry?yith_wcan=1&product_tag=kine-max-professional-gym-ball-gymnasticky-mic-65cm-modry&product_cat=smycky-mini-loop 
e-13-naboje",2026-03-18
"https://bikeskills.cz/product-tag/kine-max-professional-gym-ball-gymnasticky-mic-65cm-modry?yith_wcan=1&product_tag=kine-max-professional-gym-ball-gymnasticky-mic-65cm-modry&product_cat=smycky-mini-loop 
e-13-kliky-e-spec",2026-03-18
"https://bikeskills.cz/product-tag/lezyne-usa-inc-taiwan-branch-http-levelsportkoncept-web-mywac-cz-img-7d7a797c7e7579786d6f7a7e-6b5c5a5a5a5a5b5a5a606063-a20000100669-jpgresize500?yith_wcan=1&product_tag=lezyne-usa-inc-taiwan-branch-http-levelsportkoncept-web-mywac-cz-img-7d7a797c7e7579786d6f7a7e-6b5c5a5a5a5a5b5a5a606063-a20000100669-jpgresize500&product_cat=spank-naboje-nahradni-dily 
dvo-vidlice poc-chranice lezyne-led-svetla-led-lighting-e-bike",2026-03-17
"https://bikeskills.cz/product-tag/kine-max-neutral-massage-oil?yith_wcan=1&product_tag=kine-max-neutral-massage-oil&product_cat=balancni-cocky 
lezyne-pumpy-hand-pumps",2026-03-17
"https://bikeskills.cz/product-tag/lezyne-usa-inc-taiwan-branch-http-levelsportkoncept-web-mywac-cz-img-7d7a797c7e7579786d6f7a7e-6b5c5a5a5a5a5b5a5a606063-a20000100669-jpgresize500?yith_wcan=1&product_tag=lezyne-usa-inc-taiwan-branch-http-levelsportkoncept-web-mywac-cz-img-7d7a797c7e7579786d6f7a7e-6b5c5a5a5a5a5b5a5a606063-a20000100669-jpgresize500&product_cat=spank-naboje-nahradni-dily 
dvo-vidlice poc-chranice spank-pedaly",2026-03-17
"https://bikeskills.cz/product-tag/kine-max-professional-massage-foam-roller-masazni-valec-eva-foam-90cm-modry?yith_wcan=1&product_tag=kine-max-professional-massage-foam-roller-masazni-valec-eva-foam-90cm-modry&product_cat=e-13-pedaly 
masazni-valce e-13-kazety-race",2026-03-17
"https://bikeskills.cz/product-tag/lezyne-usa-inc-taiwan-branch-http-levelsportkoncept-web-mywac-cz-img-7d7a797c7e7579786d6f7a7e-6b5c5a5a5a5a5b5a5a606063-a20000100669-jpgresize500?yith_wcan=1&product_tag=lezyne-usa-inc-taiwan-branch-http-levelsportkoncept-web-mywac-cz-img-7d7a797c7e7579786d6f7a7e-6b5c5a5a5a5a5b5a5a606063-a20000100669-jpgresize500&product_cat=e-13-zapletena-kola-29 
masazni-dvojmicky bikeworkx-brzdove-kapaliny-vidlicove-oleje",2026-03-17
"https://bikeskills.cz/product-tag/kine-max-neutral-massage-oil?yith_wcan=1&product_tag=kine-max-neutral-massage-oil&product_cat=balancni-cocky 
lezyne-doplnky-phone-holders",2026-03-17
"https://bikeskills.cz/product-tag/lezyne-usa-inc-taiwan-branch-http-levelsportkoncept-web-mywac-cz-img-7d7a797c7e7579786d6f7a7e-6b5c5a5a5a5a5b5a5a606063-a20000100669-jpgresize500?yith_wcan=1&product_tag=lezyne-usa-inc-taiwan-branch-http-levelsportkoncept-web-mywac-cz-img-7d7a797c7e7579786d6f7a7e-6b5c5a5a5a5a5b5a5a606063-a20000100669-jpgresize500&product_cat=spank-naboje-nahradni-dily 
dvo-vidlice poc-chranice dvo",2026-03-17
"https://bikeskills.cz/product-tag/kine-max-professional-massage-foam-roller-masazni-valec-modry?yith_wcan=1&product_tag=kine-max-professional-massage-foam-roller-masazni-valec-modry&product_cat=e-13 
knihy e-13-kliky-mtb-gravel",2026-03-17
"https://bikeskills.cz/shop-kategorie/lezyne?yith_wcan=1&product_cat=lezyne 
lezyne-co2-inflators masazni-dvojmicky",2026-03-16
"https://bikeskills.cz/product-tag/kine-max-professional-gym-ball-gymnasticky-mic-65cm-ruzovy?yith_wcan=1&product_tag=kine-max-professional-gym-ball-gymnasticky-mic-65cm-ruzovy&product_cat=e-13-kliky 
e-13-napinaky-retezu-nahradni-dily",2026-03-16
"https://bikeskills.cz/product-tag/kine-max-professional-massage-foam-roller-masazni-valec-eva-foam-90cm-modry?yith_wcan=1&product_tag=kine-max-professional-massage-foam-roller-masazni-valec-eva-foam-90cm-modry&product_cat=e-13-pedaly 
poc-bryle-sjezdove e-13-bezdusovy-system-tmely",2026-03-16
"https://bikeskills.cz/product-tag/lezyne-usa-inc-taiwan-branch-http-levelsportkoncept-web-mywac-cz-img-7d7a797c7e7579786d6f7a7e-6b5c5a5a5a5a5b5a5a606063-a20000100669-jpgresize500?yith_wcan=1&product_tag=lezyne-usa-inc-taiwan-branch-http-levelsportkoncept-web-mywac-cz-img-7d7a797c7e7579786d6f7a7e-6b5c5a5a5a5a5b5a5a606063-a20000100669-jpgresize500&product_cat=posilovaci-gumy 
dvo-pruziny poc-batohy-a-tasky",2026-03-16
"https://bikeskills.cz/product-tag/lezyne-usa-inc-taiwan-branch-http-levelsportkoncept-web-mywac-cz-img-7d7a797c7e7579786d6f7a7e-6b5c5a5a5a5a5b5a5a606063-a20000100669-jpgresize500?yith_wcan=1&product_tag=lezyne-usa-inc-taiwan-branch-http-levelsportkoncept-web-mywac-cz-img-7d7a797c7e7579786d6f7a7e-6b5c5a5a5a5a5b5a5a606063-a20000100669-jpgresize500&product_cat=e-13-zapletena-kola-29 
knihy",2026-03-16
https://bikeskills.cz/shop-kategorie/dvo/dvo-nahradni-dily?yith_wcan=1&product_cat=maloja-zeny,2026-03-16
"https://bikeskills.cz/product-tag/poc-sweden-ab-http-levelsportkoncept-web-mywac-cz-img-7d7a797c7e7579786d6f7a7e-6b5c5a5a5a5a5c5e625a6260-a20000248086-jpgresize500?yith_wcan=1&product_tag=poc-sweden-ab-http-levelsportkoncept-web-mywac-cz-img-7d7a797c7e7579786d6f7a7e-6b5c5a5a5a5a5c5e625a6260-a20000248086-jpgresize500&product_cat=lezyne-gps 
e-13-kliky spank-naboje-nahradni-dily spank-pedaly",2026-03-16
"https://bikeskills.cz/product-tag/kine-max-professional-gym-ball-gymnasticky-mic-65cm-ruzovy?yith_wcan=1&product_tag=kine-max-professional-gym-ball-gymnasticky-mic-65cm-ruzovy&product_cat=e-13-kliky 
kinesiologicka-super-pro-rayon-75cm-zvysena-adheze",2026-03-16
"https://bikeskills.cz/product-tag/poc-sweden-ab-http-levelsportkoncept-web-mywac-cz-img-7d7a797c7e7579786d6f7a7e-6b5c5a5a5a5a5c5e625a6260-a20000248086-jpgresize500?yith_wcan=1&product_tag=poc-sweden-ab-http-levelsportkoncept-web-mywac-cz-img-7d7a797c7e7579786d6f7a7e-6b5c5a5a5a5a5c5e625a6260-a20000248086-jpgresize500&product_cat=lezyne-gps 
e-13-kliky spank-naboje-nahradni-dily lezyne-pumpy-hand-pumps",2026-03-16
"https://bikeskills.cz/product-tag/lezyne-usa-inc-taiwan-branch-http-levelsportkoncept-web-mywac-cz-img-7d7a797c7e7579786d6f7a7e-6b5c5a5a5a5a5b5a5a606063-a20000100669-jpgresize500?yith_wcan=1&product_tag=lezyne-usa-inc-taiwan-branch-http-levelsportkoncept-web-mywac-cz-img-7d7a797c7e7579786d6f7a7e-6b5c5a5a5a5a5b5a5a606063-a20000100669-jpgresize500&product_cat=posilovaci-gumy 
dvo-pruziny 5-dvo-vidlice",2026-03-16
"https://bikeskills.cz/product-tag/poc-sweden-ab-http-levelsportkoncept-web-mywac-cz-img-7d7a797c7e7579786d6f7a7e-6b5c5a5a5a5a5c5e625a6260-a20000248086-jpgresize500?yith_wcan=1&product_tag=poc-sweden-ab-http-levelsportkoncept-web-mywac-cz-img-7d7a797c7e7579786d6f7a7e-6b5c5a5a5a5a5c5e625a6260-a20000248086-jpgresize500&product_cat=lezyne-gps 
e-13-kliky spank-naboje-nahradni-dily spank-rafky-polepy",2026-03-16
"https://bikeskills.cz/product-tag/kine-max-professional-gym-ball-gymnasticky-mic-65cm-ruzovy?yith_wcan=1&product_tag=kine-max-professional-gym-ball-gymnasticky-mic-65cm-ruzovy&product_cat=e-13-kliky 
spank-rafky",2026-03-16
"https://bikeskills.cz/product-tag/kine-max-professional-gym-ball-gymnasticky-mic-65cm-ruzovy?yith_wcan=1&product_tag=kine-max-professional-gym-ball-gymnasticky-mic-65cm-ruzovy&product_cat=e-13-kliky 
poc-obleceni-dresy",2026-03-16
"https://bikeskills.cz/product-tag/kine-max-professional-gym-ball-gymnasticky-mic-65cm-ruzovy?yith_wcan=1&product_tag=kine-max-professional-gym-ball-gymnasticky-mic-65cm-ruzovy&product_cat=e-13-kliky 
bikeworkx",2026-03-16
"https://bikeskills.cz/product-tag/lezyne-usa-inc-taiwan-branch-http-levelsportkoncept-web-mywac-cz-img-7d7a797c7e7579786d6f7a7e-6b5c5a5a5a5a5b5a5a606063-a20000100669-jpgresize500?yith_wcan=1&product_tag=lezyne-usa-inc-taiwan-branch-http-levelsportkoncept-web-mywac-cz-img-7d7a797c7e7579786d6f7a7e-6b5c5a5a5a5a5b5a5a606063-a20000100669-jpgresize500&product_cat=posilovaci-gumy 
dvo-pruziny poc-prilby-snow",2026-03-16
"https://bikeskills.cz/product-tag/poc-sweden-ab-http-levelsportkoncept-web-mywac-cz-img-7d7a797c7e7579786d6f7a7e-6b5c5a5a5a5a5c5e625a6260-a20000248086-jpgresize500?yith_wcan=1&product_tag=poc-sweden-ab-http-levelsportkoncept-web-mywac-cz-img-7d7a797c7e7579786d6f7a7e-6b5c5a5a5a5a5c5e625a6260-a20000248086-jpgresize500&product_cat=lezyne-gps 
e-13-kliky spank-naboje-nahradni-dily spank-zapletena-kola-zadni",2026-03-16
"https://bikeskills.cz/product-tag/poc-sweden-ab-http-levelsportkoncept-web-mywac-cz-img-7d7a797c7e7579786d6f7a7e-6b5c5a5a5a5a5c5e625a6260-a20000248086-jpgresize500?yith_wcan=1&product_tag=poc-sweden-ab-http-levelsportkoncept-web-mywac-cz-img-7d7a797c7e7579786d6f7a7e-6b5c5a5a5a5a5c5e625a6260-a20000248086-jpgresize500&product_cat=lezyne-gps 
e-13-kliky spank-naboje-nahradni-dily spank-naboje-nahradni-dily-hex",2026-03-16
"https://bikeskills.cz/product-tag/kine-max-professional-gym-ball-gymnasticky-mic-65cm-ruzovy?yith_wcan=1&product_tag=kine-max-professional-gym-ball-gymnasticky-mic-65cm-ruzovy&product_cat=e-13-kliky 
lezyne",2026-03-16
"https://bikeskills.cz/product-tag/kine-max-professional-gym-ball-gymnasticky-mic-65cm-ruzovy?yith_wcan=1&product_tag=kine-max-professional-gym-ball-gymnasticky-mic-65cm-ruzovy&product_cat=e-13-kliky 
poc-chranice",2026-03-16
"https://bikeskills.cz/product-tag/kine-max-professional-gym-ball-gymnasticky-mic-65cm-ruzovy?yith_wcan=1&product_tag=kine-max-professional-gym-ball-gymnasticky-mic-65cm-ruzovy&product_cat=e-13-kliky 
bikeworkx-brzdove-kapaliny-vidlicove-oleje",2026-03-16
"https://bikeskills.cz/product-tag/kine-max-professional-gym-ball-gymnasticky-mic-65cm-ruzovy?yith_wcan=1&product_tag=kine-max-professional-gym-ball-gymnasticky-mic-65cm-ruzovy&product_cat=e-13-kliky 
bikeworkx-lepeni-pneu-prevence",2026-03-15
"https://bikeskills.cz/product-tag/lezyne-usa-inc-taiwan-branch-http-levelsportkoncept-web-mywac-cz-img-7d7a797c7e7579786d6f7a7e-6b5c5a5a5a5a5b5a5a606063-a20000100669-jpgresize500?yith_wcan=1&product_tag=lezyne-usa-inc-taiwan-branch-http-levelsportkoncept-web-mywac-cz-img-7d7a797c7e7579786d6f7a7e-6b5c5a5a5a5a5b5a5a606063-a20000100669-jpgresize500&product_cat=spank-naboje-nahradni-dily 
supacaz-doplnky spank-riditka-mtb",2026-03-15
"https://bikeskills.cz/product-tag/lezyne-usa-inc-taiwan-branch-http-levelsportkoncept-web-mywac-cz-img-7d7a797c7e7579786d6f7a7e-6b5c5a5a5a5a5b5a5a606063-a20000100669-jpgresize500?yith_wcan=1&product_tag=lezyne-usa-inc-taiwan-branch-http-levelsportkoncept-web-mywac-cz-img-7d7a797c7e7579786d6f7a7e-6b5c5a5a5a5a5b5a5a606063-a20000100669-jpgresize500&product_cat=posilovaci-gumy 
dvo-pruziny supacaz-lahve",2026-03-15
"https://bikeskills.cz/product-tag/poc-sweden-ab-http-levelsportkoncept-web-mywac-cz-img-7d7a797c7e7579786d6f7a7e-6b5c5a5a5a5a5c5e625a6260-a20000248086-jpgresize500?yith_wcan=1&product_tag=poc-sweden-ab-http-levelsportkoncept-web-mywac-cz-img-7d7a797c7e7579786d6f7a7e-6b5c5a5a5a5a5c5e625a6260-a20000248086-jpgresize500&product_cat=lezyne-gps 
e-13-kliky spank-naboje-nahradni-dily 5-e-13-plaste",2026-03-15
"https://bikeskills.cz/product-tag/lezyne-usa-inc-taiwan-branch-http-levelsportkoncept-web-mywac-cz-img-7d7a797c7e7579786d6f7a7e-6b5c5a5a5a5a5b5a5a606063-a20000100669-jpgresize500?yith_wcan=1&product_tag=lezyne-usa-inc-taiwan-branch-http-levelsportkoncept-web-mywac-cz-img-7d7a797c7e7579786d6f7a7e-6b5c5a5a5a5a5b5a5a606063-a20000100669-jpgresize500&product_cat=e-13-zapletena-kola-29 
posilovaci-gumy-2m",2026-03-14
"https://bikeskills.cz/shop-kategorie/dvo/dvo-nahradni-dily?yith_wcan=1&product_cat=dvo-nahradni-dily 
maloja-zeny bikeworkx-brzdove-kapaliny-vidlicove-oleje",2026-03-14
"https://bikeskills.cz/product-tag/lezyne-usa-inc-taiwan-branch-http-levelsportkoncept-web-mywac-cz-img-7d7a797c7e7579786d6f7a7e-6b5c5a5a5a5a5b5a5a606063-a20000100669-jpgresize500?yith_wcan=1&product_tag=lezyne-usa-inc-taiwan-branch-http-levelsportkoncept-web-mywac-cz-img-7d7a797c7e7579786d6f7a7e-6b5c5a5a5a5a5b5a5a606063-a20000100669-jpgresize500&product_cat=spank-naboje-nahradni-dily 
supacaz-doplnky supacaz-omotavky",2026-03-14
"https://bikeskills.cz/product-tag/kine-max-professional-massage-foam-roller-masazni-valec-eva-foam-90cm-modry?yith_wcan=1&product_tag=kine-max-professional-massage-foam-roller-masazni-valec-eva-foam-90cm-modry&product_cat=e-13-pedaly 
e-13-plaste-27 poc-bryle-mx-dh",2026-03-14
"https://bikeskills.cz/shop-kategorie/lezyne?yith_wcan=1&product_cat=lezyne 
poc-prilby-snow",2026-03-14
"https://bikeskills.cz/product-tag/kine-max-professional-gym-ball-gymnasticky-mic-65cm-ruzovy?yith_wcan=1&product_tag=kine-max-professional-gym-ball-gymnasticky-mic-65cm-ruzovy&product_cat=e-13-kliky 
spank-naboje-volnobezky",2026-03-14
"https://bikeskills.cz/product-tag/kine-max-professional-gym-ball-gymnasticky-mic-65cm-ruzovy?yith_wcan=1&product_tag=kine-max-professional-gym-ball-gymnasticky-mic-65cm-ruzovy&product_cat=e-13-kliky 
spank-naboje-nahradni-dily",2026-03-14
"https://bikeskills.cz/shop-kategorie/dvo/dvo-nahradni-dily?yith_wcan=1&product_cat=dvo-nahradni-dily 
maloja-zeny cyklisticke-obleceni",2026-03-13
"https://bikeskills.cz/product-tag/kine-max-professional-gym-ball-gymnasticky-mic-65cm-ruzovy?yith_wcan=1&product_tag=kine-max-professional-gym-ball-gymnasticky-mic-65cm-ruzovy&product_cat=knihy 
posilovaci-gumy e-13-naboje-zadni",2026-03-12
"https://bikeskills.cz/product-tag/kine-max-professional-gym-ball-gymnasticky-mic-65cm-ruzovy?yith_wcan=1&product_tag=kine-max-professional-gym-ball-gymnasticky-mic-65cm-ruzovy&product_cat=knihy 
posilovaci-gumy cvicebni-mice",2026-03-12
"https://bikeskills.cz/product-tag/kine-max-professional-gym-ball-gymnasticky-mic-65cm-ruzovy?yith_wcan=1&product_tag=kine-max-professional-gym-ball-gymnasticky-mic-65cm-ruzovy&product_cat=poc-race-stuff 
spank-riditka-gravel",2026-03-12
"https://bikeskills.cz/product-tag/kine-max-professional-gym-ball-gymnasticky-mic-65cm-ruzovy?yith_wcan=1&product_tag=kine-max-professional-gym-ball-gymnasticky-mic-65cm-ruzovy&product_cat=e-13-kliky 
lezyne-gps-gps",2026-03-11
"https://bikeskills.cz/product-tag/lezyne-usa-inc-taiwan-branch-http-levelsportkoncept-web-mywac-cz-img-7d7a797c7e7579786d6f7a7e-6b5c5a5a5a5a5b5a5a606063-a20000100669-jpgresize500?yith_wcan=1&product_tag=lezyne-usa-inc-taiwan-branch-http-levelsportkoncept-web-mywac-cz-img-7d7a797c7e7579786d6f7a7e-6b5c5a5a5a5a5b5a5a606063-a20000100669-jpgresize500&product_cat=e-13-zapletena-kola-29 
masazni-dvojmicky dvo",2026-03-11
"https://bikeskills.cz/product-tag/poc-sweden-ab-http-levelsportkoncept-web-mywac-cz-img-7d7a797c7e7579786d6f7a7e-6b5c5a5a5a5a5c5e625a6260-a20000248086-jpgresize500?yith_wcan=1&product_tag=poc-sweden-ab-http-levelsportkoncept-web-mywac-cz-img-7d7a797c7e7579786d6f7a7e-6b5c5a5a5a5a5c5e625a6260-a20000248086-jpgresize500&product_cat=lezyne-gps 
e-13-kliky spank-naboje-nahradni-dily 
bikeworkx-maziva-na-retezy-univerzalni-oleje",2026-03-11
"https://bikeskills.cz/product-tag/kine-max-professional-gym-ball-gymnasticky-mic-65cm-ruzovy?yith_wcan=1&product_tag=kine-max-professional-gym-ball-gymnasticky-mic-65cm-ruzovy&product_cat=e-13-kliky 
e-13-stredova-slozeni-zavitova",2026-03-10
"https://bikeskills.cz/product-tag/poc-sweden-ab-http-levelsportkoncept-web-mywac-cz-img-7d7a797c7e7579786d6f7a7e-6b5c5a5a5a5a5c5e625a6260-a20000248086-jpgresize500?yith_wcan=1&product_tag=poc-sweden-ab-http-levelsportkoncept-web-mywac-cz-img-7d7a797c7e7579786d6f7a7e-6b5c5a5a5a5a5c5e625a6260-a20000248086-jpgresize500&product_cat=lezyne-gps 
e-13-kliky spank-naboje-nahradni-dily dvo-vidlice-29",2026-03-10
"https://bikeskills.cz/product-tag/kine-max-professional-gym-ball-gymnasticky-mic-65cm-ruzovy?yith_wcan=1&product_tag=kine-max-professional-gym-ball-gymnasticky-mic-65cm-ruzovy&product_cat=e-13-kliky 
lezyne-doplnky",2026-03-10
"https://bikeskills.cz/product-tag/kine-max-professional-gym-ball-gymnasticky-mic-65cm-ruzovy?yith_wcan=1&product_tag=kine-max-professional-gym-ball-gymnasticky-mic-65cm-ruzovy&product_cat=e-13-kliky 
lezyne-led-svetla-led-lighting-stvzo",2026-03-10
"https://bikeskills.cz/product-tag/kine-max-professional-gym-ball-gymnasticky-mic-65cm-ruzovy?yith_wcan=1&product_tag=kine-max-professional-gym-ball-gymnasticky-mic-65cm-ruzovy&product_cat=e-13-kliky 
e-13-podlozky-vicka",2026-03-10
"https://bikeskills.cz/product-tag/lezyne-usa-inc-taiwan-branch-http-levelsportkoncept-web-mywac-cz-img-7d7a797c7e7579786d6f7a7e-6b5c5a5a5a5a5b5a5a606063-a20000100669-jpgresize500?yith_wcan=1&product_tag=lezyne-usa-inc-taiwan-branch-http-levelsportkoncept-web-mywac-cz-img-7d7a797c7e7579786d6f7a7e-6b5c5a5a5a5a5b5a5a606063-a20000100669-jpgresize500&product_cat=spank-naboje-nahradni-dily 
supacaz-doplnky spank-naboje",2026-03-10
"https://bikeskills.cz/product-tag/kine-max-professional-gym-ball-gymnasticky-mic-65cm-ruzovy?yith_wcan=1&product_tag=kine-max-professional-gym-ball-gymnasticky-mic-65cm-ruzovy&product_cat=e-13-kliky 
spank-zapletena-kola-zadni",2026-03-10
"https://bikeskills.cz/product-tag/lezyne-usa-inc-taiwan-branch-http-levelsportkoncept-web-mywac-cz-img-7d7a797c7e7579786d6f7a7e-6b5c5a5a5a5a5b5a5a606063-a20000100669-jpgresize500?yith_wcan=1&product_tag=lezyne-usa-inc-taiwan-branch-http-levelsportkoncept-web-mywac-cz-img-7d7a797c7e7579786d6f7a7e-6b5c5a5a5a5a5b5a5a606063-a20000100669-jpgresize500&product_cat=spank-naboje-nahradni-dily 
supacaz-doplnky rozmer-25cm-x-45m",2026-03-09
"https://bikeskills.cz/product-tag/kine-max-professional-gym-ball-gymnasticky-mic-65cm-ruzovy?yith_wcan=1&product_tag=kine-max-professional-gym-ball-gymnasticky-mic-65cm-ruzovy&product_cat=e-13-kliky 
e-13-rafky",2026-03-09
"https://bikeskills.cz/product-tag/kine-max-professional-gym-ball-gymnasticky-mic-65cm-ruzovy?yith_wcan=1&product_tag=kine-max-professional-gym-ball-gymnasticky-mic-65cm-ruzovy&product_cat=e-13-kliky 
lezyne-led-svetla-led-lighting",2026-03-09
https://bikeskills.cz/shop/?yith_wcan=1,2026-03-09
"https://bikeskills.cz/product-tag/kine-max-professional-gym-ball-gymnasticky-mic-65cm-ruzovy?yith_wcan=1&product_tag=kine-max-professional-gym-ball-gymnasticky-mic-65cm-ruzovy&product_cat=e-13-kliky 
poc-obleceni-kalhoty",2026-03-09
"https://bikeskills.cz/product-tag/lezyne-usa-inc-taiwan-branch-http-levelsportkoncept-web-mywac-cz-img-7d7a797c7e7579786d6f7a7e-6b5c5a5a5a5a5b5a5a606063-a20000100669-jpgresize500?yith_wcan=1&product_tag=lezyne-usa-inc-taiwan-branch-http-levelsportkoncept-web-mywac-cz-img-7d7a797c7e7579786d6f7a7e-6b5c5a5a5a5a5b5a5a606063-a20000100669-jpgresize500&product_cat=spank-naboje-nahradni-dily 
supacaz-doplnky lezyne-doplnky-bicycle-storages",2026-03-09
"https://bikeskills.cz/product-tag/kine-max-professional-gym-ball-gymnasticky-mic-65cm-ruzovy?yith_wcan=1&product_tag=kine-max-professional-gym-ball-gymnasticky-mic-65cm-ruzovy&product_cat=e-13-kliky 
kinesiologicka-super-pro-rayon-zvysena-adheze",2026-03-08
"https://bikeskills.cz/product-tag/kine-max-professional-gym-ball-gymnasticky-mic-65cm-ruzovy?yith_wcan=1&product_tag=kine-max-professional-gym-ball-gymnasticky-mic-65cm-ruzovy&product_cat=e-13-kliky 
spank-naboje-nahradni-dily-hex",2026-03-08
"https://bikeskills.cz/product-tag/kine-max-professional-gym-ball-gymnasticky-mic-65cm-ruzovy?yith_wcan=1&product_tag=kine-max-professional-gym-ball-gymnasticky-mic-65cm-ruzovy&product_cat=e-13-kliky 
lezyne-doplnky-bells",2026-03-08
"https://bikeskills.cz/product-tag/kine-max-professional-gym-ball-gymnasticky-mic-65cm-ruzovy?yith_wcan=1&product_tag=kine-max-professional-gym-ball-gymnasticky-mic-65cm-ruzovy&product_cat=e-13-kliky 
poc-obleceni-doplnky",2026-03-08
"https://bikeskills.cz/product-tag/kine-max-professional-gym-ball-gymnasticky-mic-65cm-ruzovy?yith_wcan=1&product_tag=kine-max-professional-gym-ball-gymnasticky-mic-65cm-ruzovy&product_cat=e-13-kliky 
masaz-valce-tyce",2026-03-08
"https://bikeskills.cz/product-tag/kine-max-professional-gym-ball-gymnasticky-mic-65cm-ruzovy?yith_wcan=1&product_tag=kine-max-professional-gym-ball-gymnasticky-mic-65cm-ruzovy&product_cat=e-13-kliky 
lezyne-gps-accessories",2026-03-08
"https://bikeskills.cz/product-tag/kine-max-professional-gym-ball-gymnasticky-mic-65cm-ruzovy?yith_wcan=1&product_tag=kine-max-professional-gym-ball-gymnasticky-mic-65cm-ruzovy&product_cat=e-13-kliky 
spank-naboje-predni",2026-03-08
"https://bikeskills.cz/product-tag/kine-max-professional-gym-ball-gymnasticky-mic-65cm-ruzovy?yith_wcan=1&product_tag=kine-max-professional-gym-ball-gymnasticky-mic-65cm-ruzovy&product_cat=e-13-kliky 
e-13-prevodniky",2026-03-08
"https://bikeskills.cz/product-tag/kine-max-professional-gym-ball-gymnasticky-mic-65cm-ruzovy?yith_wcan=1&product_tag=kine-max-professional-gym-ball-gymnasticky-mic-65cm-ruzovy&product_cat=e-13-kliky 
5-dvo-vidlice",2026-03-08
"https://bikeskills.cz/product-tag/kine-max-professional-gym-ball-gymnasticky-mic-65cm-ruzovy?yith_wcan=1&product_tag=kine-max-professional-gym-ball-gymnasticky-mic-65cm-ruzovy&product_cat=e-13-kliky 
kinesiologicka-classic",2026-03-08
"https://bikeskills.cz/shop-kategorie/e-13/e-13-podlozky-vicka?yith_wcan=1&product_cat=e-13-podlozky-vicka 
poc",2026-03-07
"https://bikeskills.cz/product-tag/kine-max-professional-gym-ball-gymnasticky-mic-65cm-ruzovy?yith_wcan=1&product_tag=kine-max-professional-gym-ball-gymnasticky-mic-65cm-ruzovy&product_cat=e-13-kliky 
e-13-plaste",2026-03-07
"https://bikeskills.cz/product-tag/kine-max-professional-gym-ball-gymnasticky-mic-65cm-ruzovy?yith_wcan=1&product_tag=kine-max-professional-gym-ball-gymnasticky-mic-65cm-ruzovy&product_cat=e-13-kliky 
e-13-pedaly",2026-03-07
"https://bikeskills.cz/product-tag/kine-max-professional-gym-ball-gymnasticky-mic-65cm-ruzovy?yith_wcan=1&product_tag=kine-max-professional-gym-ball-gymnasticky-mic-65cm-ruzovy&product_cat=e-13-kliky 
e-13-stredova-slozeni",2026-03-07
"https://bikeskills.cz/product-tag/kine-max-professional-gym-ball-gymnasticky-mic-65cm-ruzovy?yith_wcan=1&product_tag=kine-max-professional-gym-ball-gymnasticky-mic-65cm-ruzovy&product_cat=e-13-kliky 
spank-riditka-gravel",2026-03-07
https://bikeskills.cz/shop-kategorie/bikeskills-produkty?yith_wcan=1&product_cat=bikeskills-produkty,2026-03-06
"https://bikeskills.cz/shop-kategorie/lezyne?yith_wcan=1&product_cat=lezyne 
spank-riditka-mtb poc-prilby-snow poc-bryle-mx-dh",2026-03-06
"https://bikeskills.cz/shop-kategorie/lezyne?yith_wcan=1&product_cat=lezyne 
spank-riditka-mtb poc-prilby-snow lezyne-doplnky-phone-holders",2026-03-06
"https://bikeskills.cz/shop-kategorie/lezyne?yith_wcan=1&product_cat=lezyne 
spank-riditka-mtb poc-prilby-snow masazni-micky",2026-03-06
"https://bikeskills.cz/shop-kategorie/lezyne?yith_wcan=1&product_cat=lezyne 
spank-riditka-mtb poc-prilby-snow bikeworkx-pasty",2026-03-06
"https://bikeskills.cz/shop-kategorie/lezyne?yith_wcan=1&product_cat=lezyne 
spank-riditka-mtb poc-prilby-snow bikeworkx-lepeni-pneu-prevence",2026-03-06
"https://bikeskills.cz/product-tag/kine-max-professional-massage-foam-roller-masazni-valec-eva-foam-90cm-modry?yith_wcan=1&product_tag=kine-max-professional-massage-foam-roller-masazni-valec-eva-foam-90cm-modry&product_cat=e-13-pedaly 
poc-bryle-sjezdove dvo-vidlice-29",2026-03-05
"https://bikeskills.cz/shop-kategorie/dvo/dvo-nahradni-dily?yith_wcan=1&product_cat=dvo-nahradni-dily 
maloja-zeny e-13-napinaky-retezu-nahradni-dily",2026-03-04
"https://bikeskills.cz/shop-kategorie/lezyne?yith_wcan=1&product_cat=lezyne 
lezyne-co2-inflators bikeworkx-cistidla-lestenky",2026-03-04
"https://bikeskills.cz/product-tag/kine-max-professional-gym-ball-gymnasticky-mic-65cm-ruzovy?yith_wcan=1&product_tag=kine-max-professional-gym-ball-gymnasticky-mic-65cm-ruzovy&product_cat=e-13-kliky 
lezyne-naradi-multi-tools",2026-03-04
"https://bikeskills.cz/product-tag/kine-max-professional-massage-foam-roller-masazni-valec-modry?yith_wcan=1&product_tag=kine-max-professional-massage-foam-roller-masazni-valec-modry&product_cat=supacaz-kosiky 
poc e-13-prevodniky-m-profile",2026-03-04
"https://bikeskills.cz/product-tag/e-13-naboje-predni?yith_wcan=1&product_tag=e-13-naboje-predni&product_cat=dvo-vidlice-29 
poc-obleceni svihadla-ostatni",2026-03-03
https://bikeskills.cz/produkt/voucher-bikeskills/?attribute_hodnota=1350,2026-03-03
"https://bikeskills.cz/product-tag/tubolitoduse-tubolito-x-tubo-cx-gravel-28-700c-sv60b?yith_wcan=1&product_tag=tubolitoduse-tubolito-x-tubo-cx-gravel-28-700c-sv60b&product_cat=produkty 
maloja",2026-03-03
"https://bikeskills.cz/product-tag/kine-max-professional-massage-foam-roller-masazni-valec-modry?yith_wcan=1&product_tag=kine-max-professional-massage-foam-roller-masazni-valec-modry&product_cat=e-13 
knihy e-13-kazety-plus",2026-03-03
"https://bikeskills.cz/product-tag/tubolitoduse-tubolito-bmx-22-24x1-5-2-5-av42?yith_wcan=1&product_tag=tubolitoduse-tubolito-bmx-22-24x1-5-2-5-av42&product_cat=lezyne-naradi-tire-repair 
supacaz-lahve kinesiologicka-happy-tape-s-obrazky-zviratek",2026-03-03
"https://bikeskills.cz/product-tag/lezyne-usa-inc-taiwan-branch-http-levelsportkoncept-web-mywac-cz-img-7d7a797c7e7579786d6f7a7e-6b5c5a5a5a5a5b5a5a606063-a20000100669-jpgresize500?yith_wcan=1&product_tag=lezyne-usa-inc-taiwan-branch-http-levelsportkoncept-web-mywac-cz-img-7d7a797c7e7579786d6f7a7e-6b5c5a5a5a5a5b5a5a606063-a20000100669-jpgresize500&product_cat=spank-naboje-nahradni-dily 
dvo-vidlice poc-chranice e-13-napinaky-retezu-dh",2026-03-03
"https://bikeskills.cz/product-tag/kine-max-professional-jump-rope-svihadlo?yith_wcan=1&product_tag=kine-max-professional-jump-rope-svihadlo&product_cat=dresy-telka 
e-13-bezdusovy-system-rafkove-pasky",2026-03-03
"https://bikeskills.cz/product-tag/kine-max-professional-massage-foam-roller-masazni-valec-eva-foam-90cm-modry?yith_wcan=1&product_tag=kine-max-professional-massage-foam-roller-masazni-valec-eva-foam-90cm-modry&product_cat=e-13-pedaly 
e-13-plaste-27 poc",2026-03-01
"https://bikeskills.cz/shop-kategorie/lezyne?yith_wcan=1&product_cat=lezyne 
gymball spank-gripy e-13-prevodniky-e-spec",2026-03-01
"https://bikeskills.cz/product-tag/kine-max-neutral-massage-oil?yith_wcan=1&product_tag=kine-max-neutral-massage-oil&product_cat=balancni-cocky 
plaste",2026-03-01
"https://bikeskills.cz/product-tag/kine-max-professional-massage-foam-roller-masazni-valec-eva-foam-90cm-modry?yith_wcan=1&product_tag=kine-max-professional-massage-foam-roller-masazni-valec-eva-foam-90cm-modry&product_cat=e-13-pedaly 
masazni-valce poc",2026-03-01
"https://bikeskills.cz/product-tag/lezyne-usa-inc-taiwan-branch-http-levelsportkoncept-web-mywac-cz-img-7d7a797c7e7579786d6f7a7e-6b5c5a5a5a5a5b5a5a606063-a20000100669-jpgresize500?yith_wcan=1&product_tag=lezyne-usa-inc-taiwan-branch-http-levelsportkoncept-web-mywac-cz-img-7d7a797c7e7579786d6f7a7e-6b5c5a5a5a5a5b5a5a606063-a20000100669-jpgresize500&product_cat=spank-naboje-nahradni-dily 
dvo-vidlice poc-chranice e-13-kliky-e-spec",2026-03-01
"https://bikeskills.cz/product-tag/kine-max-professional-jump-rope-svihadlo?yith_wcan=1&product_tag=kine-max-professional-jump-rope-svihadlo&product_cat=rozmer-25cm-x-45m 
e-13-prevodniky-m-profile",2026-03-01
"https://bikeskills.cz/product-tag/lezyne-usa-inc-taiwan-branch-http-levelsportkoncept-web-mywac-cz-img-7d7a797c7e7579786d6f7a7e-6b5c5a5a5a5a5b5a5a606063-a20000100669-jpgresize500?yith_wcan=1&product_tag=lezyne-usa-inc-taiwan-branch-http-levelsportkoncept-web-mywac-cz-img-7d7a797c7e7579786d6f7a7e-6b5c5a5a5a5a5b5a5a606063-a20000100669-jpgresize500&product_cat=e-13-zapletena-kola-29 
masazni-dvojmicky e-13-pedaly",2026-03-01
"https://bikeskills.cz/product-tag/lezyne-usa-inc-taiwan-branch-http-levelsportkoncept-web-mywac-cz-img-7d7a797c7e7579786d6f7a7e-6b5c5a5a5a5a5b5a5a606063-a20000100669-jpgresize500?yith_wcan=1&product_tag=lezyne-usa-inc-taiwan-branch-http-levelsportkoncept-web-mywac-cz-img-7d7a797c7e7579786d6f7a7e-6b5c5a5a5a5a5b5a5a606063-a20000100669-jpgresize500&product_cat=spank-naboje-nahradni-dily 
dvo-vidlice poc-chranice spank-rafky",2026-02-28
"https://bikeskills.cz/product-tag/kine-max-professional-massage-foam-roller-masazni-valec-eva-foam-90cm-modry?yith_wcan=1&product_tag=kine-max-professional-massage-foam-roller-masazni-valec-eva-foam-90cm-modry&product_cat=e-13-pedaly 
masazni-valce e-13-bezdusovy-system",2026-02-27
"https://bikeskills.cz/product-tag/kine-max-professional-massage-foam-roller-masazni-valec-eva-foam-90cm-modry?yith_wcan=1&product_tag=kine-max-professional-massage-foam-roller-masazni-valec-eva-foam-90cm-modry&product_cat=e-13-pedaly 
masazni-valce lezyne-led-svetla-led-lighting-accessories",2026-02-27
"https://bikeskills.cz/product-tag/lezyne-usa-inc-taiwan-branch-http-levelsportkoncept-web-mywac-cz-img-7d7a797c7e7579786d6f7a7e-6b5c5a5a5a5a5b5a5a606063-a20000100669-jpgresize500?yith_wcan=1&product_tag=lezyne-usa-inc-taiwan-branch-http-levelsportkoncept-web-mywac-cz-img-7d7a797c7e7579786d6f7a7e-6b5c5a5a5a5a5b5a5a606063-a20000100669-jpgresize500&product_cat=spank-naboje-nahradni-dily 
supacaz-doplnky kinesiologicka-super-pro-cotton-zvysena-adheze",2026-02-26
"https://bikeskills.cz/product-tag/kine-max-professional-gym-ball-gymnasticky-mic-65cm-modry?yith_wcan=1&product_tag=kine-max-professional-gym-ball-gymnasticky-mic-65cm-modry&product_cat=smycky-mini-loop 
poc-obleceni-rukavice",2026-02-24
"https://bikeskills.cz/product-tag/kine-max-professional-gym-ball-gymnasticky-mic-65cm-modry?yith_wcan=1&product_tag=kine-max-professional-gym-ball-gymnasticky-mic-65cm-modry&product_cat=smycky-mini-loop 
e-13-prevodniky-e-spec",2026-02-24
"https://bikeskills.cz/shop-kategorie/produkty/masazni-oleje?yith_wcan=1&product_cat=masazni-oleje 
e-13-napinaky-retezu lezyne-naradi-tire-levers dvo-nahradni-dily-hardware",2026-02-24
"https://bikeskills.cz/product-tag/kine-max-neutral-massage-oil?yith_wcan=1&product_tag=kine-max-neutral-massage-oil&product_cat=balancni-cocky 
hardtail",2026-02-24
"https://bikeskills.cz/product-tag/kine-max-professional-massage-foam-roller-masazni-valec-modry?yith_wcan=1&product_tag=kine-max-professional-massage-foam-roller-masazni-valec-modry&product_cat=posilovaci-gumy 
lezyne e-13-kliky-e-spec",2026-02-23
"https://bikeskills.cz/product-tag/kine-max-professional-gym-ball-gymnasticky-mic-65cm-modry?yith_wcan=1&product_tag=kine-max-professional-gym-ball-gymnasticky-mic-65cm-modry&product_cat=smycky-mini-loop 
posilovaci-gumy",2026-02-23
"https://bikeskills.cz/product-tag/kine-max-professional-gym-ball-gymnasticky-mic-65cm-modry?yith_wcan=1&product_tag=kine-max-professional-gym-ball-gymnasticky-mic-65cm-modry&product_cat=smycky-mini-loop 
e-13-napinaky-retezu-dh",2026-02-23
"https://bikeskills.cz/product-tag/kine-max-professional-gym-ball-gymnasticky-mic-65cm-modry?yith_wcan=1&product_tag=kine-max-professional-gym-ball-gymnasticky-mic-65cm-modry&product_cat=smycky-mini-loop 
spank-predstavce",2026-02-23
"https://bikeskills.cz/product-tag/kine-max-professional-gym-ball-gymnasticky-mic-65cm-modry?yith_wcan=1&product_tag=kine-max-professional-gym-ball-gymnasticky-mic-65cm-modry&product_cat=smycky-mini-loop 
kalhoty-volnocasove-obleceni",2026-02-23
"https://bikeskills.cz/product-tag/kine-max-professional-gym-ball-gymnasticky-mic-65cm-modry?yith_wcan=1&product_tag=kine-max-professional-gym-ball-gymnasticky-mic-65cm-modry&product_cat=smycky-mini-loop 
bikeworkx-pasty",2026-02-23
"https://bikeskills.cz/product-tag/kine-max-professional-gym-ball-gymnasticky-mic-65cm-modry?yith_wcan=1&product_tag=kine-max-professional-gym-ball-gymnasticky-mic-65cm-modry&product_cat=smycky-mini-loop 
lezyne-naradi-tire-levers",2026-02-23
"https://bikeskills.cz/product-tag/kine-max-professional-gym-ball-gymnasticky-mic-65cm-modry?yith_wcan=1&product_tag=kine-max-professional-gym-ball-gymnasticky-mic-65cm-modry&product_cat=smycky-mini-loop 
lezyne-doplnky-bottle-cages",2026-02-23
"https://bikeskills.cz/product-tag/kine-max-professional-gym-ball-gymnasticky-mic-65cm-modry?yith_wcan=1&product_tag=kine-max-professional-gym-ball-gymnasticky-mic-65cm-modry&product_cat=smycky-mini-loop 
dvo-pruziny-steel",2026-02-23
"https://bikeskills.cz/product-tag/kine-max-professional-gym-ball-gymnasticky-mic-65cm-modry?yith_wcan=1&product_tag=kine-max-professional-gym-ball-gymnasticky-mic-65cm-modry&product_cat=smycky-mini-loop 
dresy-telka",2026-02-23
"https://bikeskills.cz/product-tag/kine-max-professional-gym-ball-gymnasticky-mic-65cm-modry?yith_wcan=1&product_tag=kine-max-professional-gym-ball-gymnasticky-mic-65cm-modry&product_cat=smycky-mini-loop 
spank-podlozky-hlavoveho-slozeni",2026-02-23
"https://bikeskills.cz/product-tag/kine-max-professional-gym-ball-gymnasticky-mic-65cm-modry?yith_wcan=1&product_tag=kine-max-professional-gym-ball-gymnasticky-mic-65cm-modry&product_cat=smycky-mini-loop 
lezyne-naradi-tire-repair",2026-02-23
"https://bikeskills.cz/product-tag/kine-max-professional-gym-ball-gymnasticky-mic-65cm-modry?yith_wcan=1&product_tag=kine-max-professional-gym-ball-gymnasticky-mic-65cm-modry&product_cat=smycky-mini-loop 
spank-naboje-adaptery",2026-02-23
"https://bikeskills.cz/product-tag/kine-max-professional-gym-ball-gymnasticky-mic-65cm-modry?yith_wcan=1&product_tag=kine-max-professional-gym-ball-gymnasticky-mic-65cm-modry&product_cat=smycky-mini-loop 
poc-prilby-snow",2026-02-23
"https://bikeskills.cz/product-tag/kine-max-professional-gym-ball-gymnasticky-mic-65cm-modry?yith_wcan=1&product_tag=kine-max-professional-gym-ball-gymnasticky-mic-65cm-modry&product_cat=smycky-mini-loop 
volnocasove-obleceni",2026-02-23
"https://bikeskills.cz/product-tag/kine-max-professional-gym-ball-gymnasticky-mic-65cm-modry?yith_wcan=1&product_tag=kine-max-professional-gym-ball-gymnasticky-mic-65cm-modry&product_cat=smycky-mini-loop 
bikeworkx-cistice-retezu-myti-rukou",2026-02-23
"https://bikeskills.cz/product-tag/kine-max-professional-gym-ball-gymnasticky-mic-65cm-modry?yith_wcan=1&product_tag=kine-max-professional-gym-ball-gymnasticky-mic-65cm-modry&product_cat=smycky-mini-loop 
supacaz",2026-02-23
"https://bikeskills.cz/product-tag/kine-max-professional-gym-ball-gymnasticky-mic-65cm-modry?yith_wcan=1&product_tag=kine-max-professional-gym-ball-gymnasticky-mic-65cm-modry&product_cat=smycky-mini-loop 
poc-obleceni-dresy",2026-02-23
"https://bikeskills.cz/product-tag/kine-max-professional-gym-ball-gymnasticky-mic-65cm-modry?yith_wcan=1&product_tag=kine-max-professional-gym-ball-gymnasticky-mic-65cm-modry&product_cat=smycky-mini-loop 
spank-zapletena-kola",2026-02-23
"https://bikeskills.cz/product-tag/kine-max-professional-gym-ball-gymnasticky-mic-65cm-modry?yith_wcan=1&product_tag=kine-max-professional-gym-ball-gymnasticky-mic-65cm-modry&product_cat=smycky-mini-loop 
spank-rafkove-pasky",2026-02-23
"https://bikeskills.cz/product-tag/kine-max-professional-gym-ball-gymnasticky-mic-65cm-modry?yith_wcan=1&product_tag=kine-max-professional-gym-ball-gymnasticky-mic-65cm-modry&product_cat=smycky-mini-loop 
poc-prilby-cyklisticke",2026-02-23
"https://bikeskills.cz/product-tag/kine-max-professional-gym-ball-gymnasticky-mic-65cm-modry?yith_wcan=1&product_tag=kine-max-professional-gym-ball-gymnasticky-mic-65cm-modry&product_cat=smycky-mini-loop 
spank-rafky-mtb",2026-02-23
"https://bikeskills.cz/product-tag/kine-max-professional-gym-ball-gymnasticky-mic-65cm-modry?yith_wcan=1&product_tag=kine-max-professional-gym-ball-gymnasticky-mic-65cm-modry&product_cat=smycky-mini-loop 
poc-batohy-a-tasky",2026-02-23
"https://bikeskills.cz/product-tag/kine-max-professional-gym-ball-gymnasticky-mic-65cm-modry?yith_wcan=1&product_tag=kine-max-professional-gym-ball-gymnasticky-mic-65cm-modry&product_cat=smycky-mini-loop 
lezyne-naradi",2026-02-23
"https://bikeskills.cz/product-tag/kine-max-professional-gym-ball-gymnasticky-mic-65cm-modry?yith_wcan=1&product_tag=kine-max-professional-gym-ball-gymnasticky-mic-65cm-modry&product_cat=smycky-mini-loop 
lezyne-led-svetla-led-lighting-accessories",2026-02-23
"https://bikeskills.cz/product-tag/kine-max-professional-gym-ball-gymnasticky-mic-65cm-modry?yith_wcan=1&product_tag=kine-max-professional-gym-ball-gymnasticky-mic-65cm-modry&product_cat=smycky-mini-loop 
dvo-nahradni-dily-hardware",2026-02-23
"https://bikeskills.cz/product-tag/kine-max-professional-gym-ball-gymnasticky-mic-65cm-modry?yith_wcan=1&product_tag=kine-max-professional-gym-ball-gymnasticky-mic-65cm-modry&product_cat=smycky-mini-loop 
supacaz-rukavice",2026-02-23
"https://bikeskills.cz/product-tag/kine-max-professional-gym-ball-gymnasticky-mic-65cm-modry?yith_wcan=1&product_tag=kine-max-professional-gym-ball-gymnasticky-mic-65cm-modry&product_cat=smycky-mini-loop 
lezyne-led-svetla-led-lighting-stvzo",2026-02-23
"https://bikeskills.cz/product-tag/kine-max-professional-gym-ball-gymnasticky-mic-65cm-modry?yith_wcan=1&product_tag=kine-max-professional-gym-ball-gymnasticky-mic-65cm-modry&product_cat=smycky-mini-loop 
dvo-pruziny",2026-02-23
"https://bikeskills.cz/product-tag/kine-max-professional-gym-ball-gymnasticky-mic-65cm-modry?yith_wcan=1&product_tag=kine-max-professional-gym-ball-gymnasticky-mic-65cm-modry&product_cat=smycky-mini-loop 
lezyne-co2-inflators",2026-02-23
"https://bikeskills.cz/product-tag/kine-max-professional-gym-ball-gymnasticky-mic-65cm-modry?yith_wcan=1&product_tag=kine-max-professional-gym-ball-gymnasticky-mic-65cm-modry&product_cat=smycky-mini-loop 
spank-naboje-zadni",2026-02-23
"https://bikeskills.cz/product-tag/kine-max-professional-gym-ball-gymnasticky-mic-65cm-modry?yith_wcan=1&product_tag=kine-max-professional-gym-ball-gymnasticky-mic-65cm-modry&product_cat=smycky-mini-loop 
lezyne-pumpy",2026-02-23
"https://bikeskills.cz/product-tag/kine-max-professional-gym-ball-gymnasticky-mic-65cm-modry?yith_wcan=1&product_tag=kine-max-professional-gym-ball-gymnasticky-mic-65cm-modry&product_cat=smycky-mini-loop 
supacaz-doplnky",2026-02-23
"https://bikeskills.cz/product-tag/kine-max-professional-gym-ball-gymnasticky-mic-65cm-modry?yith_wcan=1&product_tag=kine-max-professional-gym-ball-gymnasticky-mic-65cm-modry&product_cat=smycky-mini-loop 
lezyne-pumpy-floor-pumps",2026-02-23
"https://bikeskills.cz/product-tag/kine-max-professional-gym-ball-gymnasticky-mic-65cm-modry?yith_wcan=1&product_tag=kine-max-professional-gym-ball-gymnasticky-mic-65cm-modry&product_cat=smycky-mini-loop 
poc-obleceni-kalhoty",2026-02-23
"https://bikeskills.cz/product-tag/kine-max-professional-gym-ball-gymnasticky-mic-65cm-modry?yith_wcan=1&product_tag=kine-max-professional-gym-ball-gymnasticky-mic-65cm-modry&product_cat=smycky-mini-loop 
spank-riditka-mtb",2026-02-23
"https://bikeskills.cz/product-tag/kine-max-professional-gym-ball-gymnasticky-mic-65cm-modry?yith_wcan=1&product_tag=kine-max-professional-gym-ball-gymnasticky-mic-65cm-modry&product_cat=smycky-mini-loop 
lezyne-doplnky-bicycle-storages",2026-02-23
"https://bikeskills.cz/product-tag/kine-max-professional-gym-ball-gymnasticky-mic-65cm-modry?yith_wcan=1&product_tag=kine-max-professional-gym-ball-gymnasticky-mic-65cm-modry&product_cat=smycky-mini-loop 
poc-chranice",2026-02-23
"https://bikeskills.cz/product-tag/e-13-naboje-predni?yith_wcan=1&product_tag=e-13-naboje-predni&product_cat=dvo-vidlice-29 
poc-obleceni tejpovaci-pasky",2026-02-23
"https://bikeskills.cz/product-tag/lezyne-usa-inc-taiwan-branch-http-levelsportkoncept-web-mywac-cz-img-7d7a797c7e7579786d6f7a7e-6b5c5a5a5a5a5b5a5a606063-a20000100669-jpgresize500?yith_wcan=1&product_tag=lezyne-usa-inc-taiwan-branch-http-levelsportkoncept-web-mywac-cz-img-7d7a797c7e7579786d6f7a7e-6b5c5a5a5a5a5b5a5a606063-a20000100669-jpgresize500&product_cat=posilovaci-gumy 
dvo-pruziny e-13-bezdusovy-system",2026-02-23
"https://bikeskills.cz/product-tag/lezyne-usa-inc-taiwan-branch-http-levelsportkoncept-web-mywac-cz-img-7d7a797c7e7579786d6f7a7e-6b5c5a5a5a5a5b5a5a606063-a20000100669-jpgresize500?yith_wcan=1&product_tag=lezyne-usa-inc-taiwan-branch-http-levelsportkoncept-web-mywac-cz-img-7d7a797c7e7579786d6f7a7e-6b5c5a5a5a5a5b5a5a606063-a20000100669-jpgresize500&product_cat=posilovaci-gumy 
dvo-pruziny e-13-rafky-27",2026-02-23
"https://bikeskills.cz/product-tag/lezyne-usa-inc-taiwan-branch-http-levelsportkoncept-web-mywac-cz-img-7d7a797c7e7579786d6f7a7e-6b5c5a5a5a5a5b5a5a606063-a20000100669-jpgresize500?yith_wcan=1&product_tag=lezyne-usa-inc-taiwan-branch-http-levelsportkoncept-web-mywac-cz-img-7d7a797c7e7579786d6f7a7e-6b5c5a5a5a5a5b5a5a606063-a20000100669-jpgresize500&product_cat=posilovaci-gumy 
dvo-pruziny spank-zapletena-kola-zadni",2026-02-23
"https://bikeskills.cz/product-tag/lezyne-usa-inc-taiwan-branch-http-levelsportkoncept-web-mywac-cz-img-7d7a797c7e7579786d6f7a7e-6b5c5a5a5a5a5b5a5a606063-a20000100669-jpgresize500?yith_wcan=1&product_tag=lezyne-usa-inc-taiwan-branch-http-levelsportkoncept-web-mywac-cz-img-7d7a797c7e7579786d6f7a7e-6b5c5a5a5a5a5b5a5a606063-a20000100669-jpgresize500&product_cat=posilovaci-gumy 
dvo-pruziny maloja-zeny",2026-02-23
"https://bikeskills.cz/product-tag/lezyne-usa-inc-taiwan-branch-http-levelsportkoncept-web-mywac-cz-img-7d7a797c7e7579786d6f7a7e-6b5c5a5a5a5a5b5a5a606063-a20000100669-jpgresize500?yith_wcan=1&product_tag=lezyne-usa-inc-taiwan-branch-http-levelsportkoncept-web-mywac-cz-img-7d7a797c7e7579786d6f7a7e-6b5c5a5a5a5a5b5a5a606063-a20000100669-jpgresize500&product_cat=posilovaci-gumy 
dvo-pruziny lezyne-co2-inflators",2026-02-23
https://bikeskills.cz/product-tag/lezyne-usa-inc-taiwan-branch-http-levelsportkoncept-web-mywac-cz-img-7d7a797c7e7579786d6f7a7e-6b5c5a5a5a5a5b5a5a606063-a20000100669-jpgresize500?yith_wcan=1&product_tag=lezyne-usa-inc-taiwan-branch-http-levelsportkoncept-web-mywac-cz-img-7d7a797c7e7579786d6f7a7e-6b5c5a5a5a5a5b5a5a606063-a20000100669-jpgresize500&product_cat=dvo-pruziny,2026-02-23
"https://bikeskills.cz/product-tag/lezyne-usa-inc-taiwan-branch-http-levelsportkoncept-web-mywac-cz-img-7d7a797c7e7579786d6f7a7e-6b5c5a5a5a5a5b5a5a606063-a20000100669-jpgresize500?yith_wcan=1&product_tag=lezyne-usa-inc-taiwan-branch-http-levelsportkoncept-web-mywac-cz-img-7d7a797c7e7579786d6f7a7e-6b5c5a5a5a5a5b5a5a606063-a20000100669-jpgresize500&product_cat=posilovaci-gumy 
dvo-pruziny maloja-zima",2026-02-22
"https://bikeskills.cz/product-tag/lezyne-usa-inc-taiwan-branch-http-levelsportkoncept-web-mywac-cz-img-7d7a797c7e7579786d6f7a7e-6b5c5a5a5a5a5b5a5a606063-a20000100669-jpgresize500?yith_wcan=1&product_tag=lezyne-usa-inc-taiwan-branch-http-levelsportkoncept-web-mywac-cz-img-7d7a797c7e7579786d6f7a7e-6b5c5a5a5a5a5b5a5a606063-a20000100669-jpgresize500&product_cat=posilovaci-gumy 
dvo-pruziny dresy-telka",2026-02-22
"https://bikeskills.cz/product-tag/lezyne-usa-inc-taiwan-branch-http-levelsportkoncept-web-mywac-cz-img-7d7a797c7e7579786d6f7a7e-6b5c5a5a5a5a5b5a5a606063-a20000100669-jpgresize500?yith_wcan=1&product_tag=lezyne-usa-inc-taiwan-branch-http-levelsportkoncept-web-mywac-cz-img-7d7a797c7e7579786d6f7a7e-6b5c5a5a5a5a5b5a5a606063-a20000100669-jpgresize500&product_cat=posilovaci-gumy 
dvo-pruziny e-13-napinaky-retezu-trail-enduro",2026-02-22
"https://bikeskills.cz/product-tag/lezyne-usa-inc-taiwan-branch-http-levelsportkoncept-web-mywac-cz-img-7d7a797c7e7579786d6f7a7e-6b5c5a5a5a5a5b5a5a606063-a20000100669-jpgresize500?yith_wcan=1&product_tag=lezyne-usa-inc-taiwan-branch-http-levelsportkoncept-web-mywac-cz-img-7d7a797c7e7579786d6f7a7e-6b5c5a5a5a5a5b5a5a606063-a20000100669-jpgresize500&product_cat=posilovaci-gumy 
dvo-pruziny cvicebni-mice",2026-02-22
"https://bikeskills.cz/product-tag/lezyne-usa-inc-taiwan-branch-http-levelsportkoncept-web-mywac-cz-img-7d7a797c7e7579786d6f7a7e-6b5c5a5a5a5a5b5a5a606063-a20000100669-jpgresize500?yith_wcan=1&product_tag=lezyne-usa-inc-taiwan-branch-http-levelsportkoncept-web-mywac-cz-img-7d7a797c7e7579786d6f7a7e-6b5c5a5a5a5a5b5a5a606063-a20000100669-jpgresize500&product_cat=posilovaci-gumy 
dvo-pruziny dvo-vidlice-29",2026-02-22
"https://bikeskills.cz/product-tag/lezyne-usa-inc-taiwan-branch-http-levelsportkoncept-web-mywac-cz-img-7d7a797c7e7579786d6f7a7e-6b5c5a5a5a5a5b5a5a606063-a20000100669-jpgresize500?yith_wcan=1&product_tag=lezyne-usa-inc-taiwan-branch-http-levelsportkoncept-web-mywac-cz-img-7d7a797c7e7579786d6f7a7e-6b5c5a5a5a5a5b5a5a606063-a20000100669-jpgresize500&product_cat=posilovaci-gumy 
dvo-pruziny bikeworkx-cistice-retezu-myti-rukou",2026-02-22
"https://bikeskills.cz/product-tag/lezyne-usa-inc-taiwan-branch-http-levelsportkoncept-web-mywac-cz-img-7d7a797c7e7579786d6f7a7e-6b5c5a5a5a5a5b5a5a606063-a20000100669-jpgresize500?yith_wcan=1&product_tag=lezyne-usa-inc-taiwan-branch-http-levelsportkoncept-web-mywac-cz-img-7d7a797c7e7579786d6f7a7e-6b5c5a5a5a5a5b5a5a606063-a20000100669-jpgresize500&product_cat=posilovaci-gumy 
dvo-pruziny e-13-plaste-27",2026-02-22
"https://bikeskills.cz/product-tag/kine-max-professional-jump-rope-svihadlo?yith_wcan=1&product_tag=kine-max-professional-jump-rope-svihadlo&product_cat=dresy-telka 
lezyne-naradi-multi-tools",2026-02-22
"https://bikeskills.cz/product-tag/kine-max-professional-gym-ball-gymnasticky-mic-65cm-modry?yith_wcan=1&product_tag=kine-max-professional-gym-ball-gymnasticky-mic-65cm-modry&product_cat=smycky-mini-loop 
e-13-kliky-nahradni-dily",2026-02-22
"https://bikeskills.cz/product-tag/kine-max-professional-jump-rope-svihadlo?yith_wcan=1&product_tag=kine-max-professional-jump-rope-svihadlo&product_cat=dresy-telka 
lezyne-pumpy-floor-pumps",2026-02-22
"https://bikeskills.cz/product-tag/kine-max-professional-gym-ball-gymnasticky-mic-65cm-ruzovy?yith_wcan=1&product_tag=kine-max-professional-gym-ball-gymnasticky-mic-65cm-ruzovy&product_cat=e-13-kliky 
spank",2026-02-22
"https://bikeskills.cz/product-tag/tubolitoduse-tubolito-bmx-22-24x1-5-2-5-av42?yith_wcan=1&product_tag=tubolitoduse-tubolito-bmx-22-24x1-5-2-5-av42&product_cat=lezyne-naradi-tire-repair 
supacaz-lahve lezyne",2026-02-22
"https://bikeskills.cz/product-tag/tubolitoduse-tubolito-bmx-22-24x1-5-2-5-av42?yith_wcan=1&product_tag=tubolitoduse-tubolito-bmx-22-24x1-5-2-5-av42&product_cat=lezyne-naradi-tire-repair 
supacaz-lahve posilovaci-gumy-2m",2026-02-22
"https://bikeskills.cz/product-tag/tubolitoduse-tubolito-bmx-22-24x1-5-2-5-av42?yith_wcan=1&product_tag=tubolitoduse-tubolito-bmx-22-24x1-5-2-5-av42&product_cat=lezyne-naradi-tire-repair 
supacaz-lahve e-13-stredova-slozeni-zavitova",2026-02-22
"https://bikeskills.cz/product-tag/tubolitoduse-tubolito-bmx-22-24x1-5-2-5-av42?yith_wcan=1&product_tag=tubolitoduse-tubolito-bmx-22-24x1-5-2-5-av42&product_cat=lezyne-naradi-tire-repair 
supacaz-lahve e-13-napinaky-retezu-trail-enduro",2026-02-22
"https://bikeskills.cz/product-tag/lezyne-usa-inc-taiwan-branch-http-levelsportkoncept-web-mywac-cz-img-7d7a797c7e7579786d6f7a7e-6b5c5a5a5a5a5b5a5a606063-a20000100669-jpgresize500?yith_wcan=1&product_tag=lezyne-usa-inc-taiwan-branch-http-levelsportkoncept-web-mywac-cz-img-7d7a797c7e7579786d6f7a7e-6b5c5a5a5a5a5b5a5a606063-a20000100669-jpgresize500&product_cat=posilovaci-gumy 
dvo-pruziny e-13-pedaly-nahradni-dily",2026-02-22
"https://bikeskills.cz/product-tag/tubolitoduse-tubolito-bmx-22-24x1-5-2-5-av42?yith_wcan=1&product_tag=tubolitoduse-tubolito-bmx-22-24x1-5-2-5-av42&product_cat=lezyne-naradi-tire-repair 
supacaz-lahve spank-pedaly-nahradni-dily",2026-02-22
"https://bikeskills.cz/product-tag/lezyne-usa-inc-taiwan-branch-http-levelsportkoncept-web-mywac-cz-img-7d7a797c7e7579786d6f7a7e-6b5c5a5a5a5a5b5a5a606063-a20000100669-jpgresize500?yith_wcan=1&product_tag=lezyne-usa-inc-taiwan-branch-http-levelsportkoncept-web-mywac-cz-img-7d7a797c7e7579786d6f7a7e-6b5c5a5a5a5a5b5a5a606063-a20000100669-jpgresize500&product_cat=posilovaci-gumy 
dvo-pruziny svihadla-ostatni",2026-02-21
"https://bikeskills.cz/product-tag/lezyne-usa-inc-taiwan-branch-http-levelsportkoncept-web-mywac-cz-img-7d7a797c7e7579786d6f7a7e-6b5c5a5a5a5a5b5a5a606063-a20000100669-jpgresize500?yith_wcan=1&product_tag=lezyne-usa-inc-taiwan-branch-http-levelsportkoncept-web-mywac-cz-img-7d7a797c7e7579786d6f7a7e-6b5c5a5a5a5a5b5a5a606063-a20000100669-jpgresize500&product_cat=posilovaci-gumy 
dvo-pruziny 5-e-13-zapletena-kola",2026-02-21
https://bikeskills.cz/shop-kategorie/lezyne?yith_wcan=1&product_cat=lezyne-co2-inflators,2026-02-21
"https://bikeskills.cz/product-tag/lezyne-usa-inc-taiwan-branch-http-levelsportkoncept-web-mywac-cz-img-7d7a797c7e7579786d6f7a7e-6b5c5a5a5a5a5b5a5a606063-a20000100669-jpgresize500?yith_wcan=1&product_tag=lezyne-usa-inc-taiwan-branch-http-levelsportkoncept-web-mywac-cz-img-7d7a797c7e7579786d6f7a7e-6b5c5a5a5a5a5b5a5a606063-a20000100669-jpgresize500&product_cat=posilovaci-gumy 
dvo-pruziny poc-race-stuff",2026-02-21
"https://bikeskills.cz/product-tag/kine-max-professional-massage-foam-roller-masazni-valec-modry?yith_wcan=1&product_tag=kine-max-professional-massage-foam-roller-masazni-valec-modry&product_cat=dresy-telka 
dvo-pruziny-prorate-ls-spring e-13-bezdusovy-system",2026-02-21
"https://bikeskills.cz/product-tag/kine-max-professional-gym-ball-gymnasticky-mic-65cm-ruzovy?yith_wcan=1&product_tag=kine-max-professional-gym-ball-gymnasticky-mic-65cm-ruzovy&product_cat=e-13-kliky 
poc-bryle-sjezdove",2026-02-21
"https://bikeskills.cz/product-tag/kine-max-professional-massage-foam-roller-masazni-valec-modry?yith_wcan=1&product_tag=kine-max-professional-massage-foam-roller-masazni-valec-modry&product_cat=posilovaci-gumy 
lezyne lezyne-naradi-multi-tools",2026-02-21
"https://bikeskills.cz/product-tag/kine-max-professional-massage-foam-roller-masazni-valec-modry?yith_wcan=1&product_tag=kine-max-professional-massage-foam-roller-masazni-valec-modry&product_cat=posilovaci-gumy 
lezyne poc-obleceni-kalhoty",2026-02-21
"https://bikeskills.cz/product-tag/kine-max-professional-gym-ball-gymnasticky-mic-65cm-modry?yith_wcan=1&product_tag=kine-max-professional-gym-ball-gymnasticky-mic-65cm-modry&product_cat=smycky-mini-loop 
poc-bryle-slunecni",2026-02-21
"https://bikeskills.cz/product-tag/kine-max-professional-gym-ball-gymnasticky-mic-65cm-modry?yith_wcan=1&product_tag=kine-max-professional-gym-ball-gymnasticky-mic-65cm-modry&product_cat=smycky-mini-loop 
e-13-prevodniky",2026-02-21
"https://bikeskills.cz/product-tag/kine-max-professional-massage-foam-roller-masazni-valec-modry?yith_wcan=1&product_tag=kine-max-professional-massage-foam-roller-masazni-valec-modry&product_cat=dresy-telka 
dvo-pruziny-prorate-ls-spring e-13-naboje-predni",2026-02-21
"https://bikeskills.cz/product-tag/e-13-naboje-predni?yith_wcan=1&product_tag=e-13-naboje-predni&product_cat=dvo-vidlice-29 
poc-obleceni spank-naboje-adaptery",2026-02-21
"https://bikeskills.cz/product-tag/lezyne-usa-inc-taiwan-branch-http-levelsportkoncept-web-mywac-cz-img-7d7a797c7e7579786d6f7a7e-6b5c5a5a5a5a5b5a5a606063-a20000100669-jpgresize500?yith_wcan=1&product_tag=lezyne-usa-inc-taiwan-branch-http-levelsportkoncept-web-mywac-cz-img-7d7a797c7e7579786d6f7a7e-6b5c5a5a5a5a5b5a5a606063-a20000100669-jpgresize500&product_cat=posilovaci-gumy 
dvo-pruziny lezyne-doplnky",2026-02-21
"https://bikeskills.cz/product-tag/kine-max-professional-jump-rope-svihadlo?yith_wcan=1&product_tag=kine-max-professional-jump-rope-svihadlo&product_cat=rozmer-25cm-x-45m 
lezyne-naradi-shop-tools",2026-02-21
"https://bikeskills.cz/shop-kategorie/lezyne?yith_wcan=1&product_cat=lezyne 
lezyne-co2-inflators e-13-teleskopicke-sedlovky",2026-02-21
"https://bikeskills.cz/product-tag/lezyne-usa-inc-taiwan-branch-http-levelsportkoncept-web-mywac-cz-img-7d7a797c7e7579786d6f7a7e-6b5c5a5a5a5a5b5a5a606063-a20000100669-jpgresize500?yith_wcan=1&product_tag=lezyne-usa-inc-taiwan-branch-http-levelsportkoncept-web-mywac-cz-img-7d7a797c7e7579786d6f7a7e-6b5c5a5a5a5a5b5a5a606063-a20000100669-jpgresize500&product_cat=posilovaci-gumy 
dvo-pruziny e-13-prevodniky",2026-02-21
"https://bikeskills.cz/product-tag/lezyne-usa-inc-taiwan-branch-http-levelsportkoncept-web-mywac-cz-img-7d7a797c7e7579786d6f7a7e-6b5c5a5a5a5a5b5a5a606063-a20000100669-jpgresize500?yith_wcan=1&product_tag=lezyne-usa-inc-taiwan-branch-http-levelsportkoncept-web-mywac-cz-img-7d7a797c7e7579786d6f7a7e-6b5c5a5a5a5a5b5a5a606063-a20000100669-jpgresize500&product_cat=posilovaci-gumy 
dvo-pruziny kinesiologicka-super-pro-rayon-zvysena-adheze",2026-02-21
"https://bikeskills.cz/product-tag/kine-max-professional-massage-foam-roller-masazni-valec-modry?yith_wcan=1&product_tag=kine-max-professional-massage-foam-roller-masazni-valec-modry&product_cat=dresy-telka 
dvo-pruziny-prorate-ls-spring bikeworkx-prislusenstvi",2026-02-21
"https://bikeskills.cz/product-tag/tubolitoduse-tubolito-x-tubo-cx-gravel-28-700c-sv60b?yith_wcan=1&product_tag=tubolitoduse-tubolito-x-tubo-cx-gravel-28-700c-sv60b&product_cat=produkty 
spank-naboje-adaptery",2026-02-21
"https://bikeskills.cz/product-tag/kine-max-professional-massage-foam-roller-masazni-valec-modry?yith_wcan=1&product_tag=kine-max-professional-massage-foam-roller-masazni-valec-modry&product_cat=posilovaci-gumy 
lezyne spank-pedaly-nahradni-dily",2026-02-21
"https://bikeskills.cz/product-tag/lezyne-usa-inc-taiwan-branch-http-levelsportkoncept-web-mywac-cz-img-7d7a797c7e7579786d6f7a7e-6b5c5a5a5a5a5b5a5a606063-a20000100669-jpgresize500?yith_wcan=1&product_tag=lezyne-usa-inc-taiwan-branch-http-levelsportkoncept-web-mywac-cz-img-7d7a797c7e7579786d6f7a7e-6b5c5a5a5a5a5b5a5a606063-a20000100669-jpgresize500&product_cat=posilovaci-gumy 
dvo-pruziny neelasticka-colored-team-tape-barevne-tejpovaci-pasky",2026-02-21
"https://bikeskills.cz/product-tag/kine-max-professional-massage-foam-roller-masazni-valec-modry?yith_wcan=1&product_tag=kine-max-professional-massage-foam-roller-masazni-valec-modry&product_cat=dresy-telka 
dvo-pruziny-prorate-ls-spring lezyne-brasny",2026-02-21
"https://bikeskills.cz/product-tag/kine-max-professional-gym-ball-gymnasticky-mic-65cm-ruzovy?yith_wcan=1&product_tag=kine-max-professional-gym-ball-gymnasticky-mic-65cm-ruzovy&product_cat=e-13-kliky 
poc-race-stuff",2026-02-21
https://bikeskills.cz/shop-kategorie/spank/spank-predstavce/,2026-02-20
"https://bikeskills.cz/product-tag/kine-max-professional-massage-foam-roller-masazni-valec-modry?yith_wcan=1&product_tag=kine-max-professional-massage-foam-roller-masazni-valec-modry&product_cat=dresy-telka 
dvo-pruziny-prorate-ls-spring spank-naboje-adaptery",2026-02-20
"https://bikeskills.cz/product-tag/kine-max-professional-gym-ball-gymnasticky-mic-65cm-ruzovy?yith_wcan=1&product_tag=kine-max-professional-gym-ball-gymnasticky-mic-65cm-ruzovy&product_cat=e-13-kliky 
5-e-13-plaste",2026-02-20
"https://bikeskills.cz/product-tag/e-13-naboje-predni?yith_wcan=1&product_tag=e-13-naboje-predni&product_cat=dvo-vidlice-29 
poc-obleceni dvo-pruziny-steel",2026-02-20
"https://bikeskills.cz/product-tag/kine-max-professional-massage-foam-roller-masazni-valec-modry?yith_wcan=1&product_tag=kine-max-professional-massage-foam-roller-masazni-valec-modry&product_cat=posilovaci-gumy 
lezyne e-13-zapletena-kola-27",2026-02-20
"https://bikeskills.cz/product-tag/kine-max-professional-gym-ball-gymnasticky-mic-65cm-modry?yith_wcan=1&product_tag=kine-max-professional-gym-ball-gymnasticky-mic-65cm-modry&product_cat=smycky-mini-loop 
spank-naboje-nahradni-dily-hex",2026-02-20
"https://bikeskills.cz/product-tag/lezyne-usa-inc-taiwan-branch-http-levelsportkoncept-web-mywac-cz-img-7d7a797c7e7579786d6f7a7e-6b5c5a5a5a5a5b5a5a606063-a20000100669-jpgresize500?yith_wcan=1&product_tag=lezyne-usa-inc-taiwan-branch-http-levelsportkoncept-web-mywac-cz-img-7d7a797c7e7579786d6f7a7e-6b5c5a5a5a5a5b5a5a606063-a20000100669-jpgresize500&product_cat=posilovaci-gumy 
dvo-pruziny maloja-leto",2026-02-20
"https://bikeskills.cz/product-tag/kine-max-professional-massage-foam-roller-masazni-valec-modry?yith_wcan=1&product_tag=kine-max-professional-massage-foam-roller-masazni-valec-modry&product_cat=dvo-tlumice-vzduchove 
knihy",2026-02-20
"https://bikeskills.cz/product-tag/kine-max-professional-massage-foam-roller-masazni-valec-modry?yith_wcan=1&product_tag=kine-max-professional-massage-foam-roller-masazni-valec-modry&product_cat=e-13 
knihy e-13-naboje-nahradni-dily",2026-02-20
"https://bikeskills.cz/product-tag/kine-max-professional-massage-foam-roller-masazni-valec-eva-foam-90cm-modry?yith_wcan=1&product_tag=kine-max-professional-massage-foam-roller-masazni-valec-eva-foam-90cm-modry&product_cat=spank-naboje 
smycky-mini-loop",2026-02-20
"https://bikeskills.cz/product-tag/kine-max-professional-massage-foam-roller-masazni-valec-modry?yith_wcan=1&product_tag=kine-max-professional-massage-foam-roller-masazni-valec-modry&product_cat=e-13 
knihy plaste",2026-02-20
"https://bikeskills.cz/shop-kategorie/lezyne?yith_wcan=1&product_cat=lezyne 
lezyne-co2-inflators lezyne-doplnky-bells",2026-02-20
"https://bikeskills.cz/shop-kategorie/lezyne?yith_wcan=1&product_cat=lezyne 
lezyne-doplnky-bells e-13-pedaly lezyne-led-svetla-led-lighting-accessories",2026-02-20
"https://bikeskills.cz/shop-kategorie/lezyne?yith_wcan=1&product_cat=lezyne 
gymball spank-gripy spank-riditka-gravel",2026-02-20
"https://bikeskills.cz/product-tag/kine-max-professional-massage-foam-roller-masazni-valec-modry?yith_wcan=1&product_tag=kine-max-professional-massage-foam-roller-masazni-valec-modry&product_cat=e-13 
knihy spank-rafky-polepy",2026-02-20
"https://bikeskills.cz/shop-kategorie/lezyne?yith_wcan=1&product_cat=lezyne 
spank-riditka-mtb poc-prilby-snow e-13-bezdusovy-system-ventilky",2026-02-20
"https://bikeskills.cz/shop-kategorie/lezyne?yith_wcan=1&product_cat=lezyne 
spank-riditka-mtb poc-prilby-snow lezyne-pumpy-floor-pumps",2026-02-20
"https://bikeskills.cz/shop-kategorie/lezyne?yith_wcan=1&product_cat=lezyne 
gymball spank-gripy supacaz",2026-02-20
"https://bikeskills.cz/product-tag/kine-max-professional-massage-foam-roller-masazni-valec-modry?yith_wcan=1&product_tag=kine-max-professional-massage-foam-roller-masazni-valec-modry&product_cat=e-13 
knihy poc-batohy-a-tasky",2026-02-20
"https://bikeskills.cz/shop-kategorie/lezyne?yith_wcan=1&product_cat=lezyne 
lezyne-co2-inflators bezdusove-ventilky",2026-02-20
"https://bikeskills.cz/shop-kategorie/lezyne?yith_wcan=1&product_cat=lezyne 
poc-chranice poc-bryle-slunecni lezyne-doplnky",2026-02-20
"https://bikeskills.cz/product-tag/kine-max-professional-massage-foam-roller-masazni-valec-modry?yith_wcan=1&product_tag=kine-max-professional-massage-foam-roller-masazni-valec-modry&product_cat=e-13 
knihy supacaz-lahve",2026-02-20
"https://bikeskills.cz/shop-kategorie/lezyne?yith_wcan=1&product_cat=lezyne 
lezyne-co2-inflators overball",2026-02-20
"https://bikeskills.cz/shop-kategorie/lezyne?yith_wcan=1&product_cat=lezyne 
lezyne-doplnky-bells e-13-pedaly bikeworkx-pasty",2026-02-20
"https://bikeskills.cz/shop-kategorie/lezyne?yith_wcan=1&product_cat=lezyne 
lezyne-doplnky-bells e-13-pedaly lezyne-pumpy",2026-02-20
"https://bikeskills.cz/shop-kategorie/lezyne?yith_wcan=1&product_cat=lezyne 
lezyne-co2-inflators masaz-valce-tyce",2026-02-20
"https://bikeskills.cz/product-tag/kine-max-professional-massage-foam-roller-masazni-valec-modry?yith_wcan=1&product_tag=kine-max-professional-massage-foam-roller-masazni-valec-modry&product_cat=e-13 
knihy kalhoty-volnocasove-obleceni",2026-02-20
"https://bikeskills.cz/shop-kategorie/lezyne?yith_wcan=1&product_cat=lezyne 
gymball spank-gripy e-13-zapletena-kola-29",2026-02-20
"https://bikeskills.cz/product-tag/tubolitoduse-tubolito-bmx-22-24x1-5-2-5-av42?yith_wcan=1&product_tag=tubolitoduse-tubolito-bmx-22-24x1-5-2-5-av42&product_cat=lezyne-naradi-tire-repair 
supacaz-lahve 5-e-13-plaste",2026-02-19
"https://bikeskills.cz/product-tag/kine-max-professional-massage-foam-roller-masazni-valec-modry?yith_wcan=1&product_tag=kine-max-professional-massage-foam-roller-masazni-valec-modry&product_cat=e-13 
knihy poc-obleceni-rukavice",2026-02-19
"https://bikeskills.cz/shop-kategorie/lezyne?yith_wcan=1&product_cat=lezyne 
gymball spank-gripy balancni-cocky",2026-02-19
"https://bikeskills.cz/shop-kategorie/lezyne?yith_wcan=1&product_cat=lezyne 
lezyne-co2-inflators poc-chranice",2026-02-19
"https://bikeskills.cz/product-tag/lezyne-usa-inc-taiwan-branch-http-levelsportkoncept-web-mywac-cz-img-7d7a797c7e7579786d6f7a7e-6b5c5a5a5a5a5b5a5a606063-a20000100669-jpgresize500?yith_wcan=1&product_tag=lezyne-usa-inc-taiwan-branch-http-levelsportkoncept-web-mywac-cz-img-7d7a797c7e7579786d6f7a7e-6b5c5a5a5a5a5b5a5a606063-a20000100669-jpgresize500&product_cat=spank-naboje-nahradni-dily 
poc-chranice",2026-02-19
"https://bikeskills.cz/product-tag/kine-max-professional-massage-foam-roller-masazni-valec-eva-foam-90cm-modry?yith_wcan=1&product_tag=kine-max-professional-massage-foam-roller-masazni-valec-eva-foam-90cm-modry&product_cat=e-13-pedaly 
masazni-valce dvo-pruziny",2026-02-19
"https://bikeskills.cz/shop-kategorie/lezyne?yith_wcan=1&product_cat=lezyne 
lezyne-co2-inflators spank-naboje-zadni",2026-02-19
"https://bikeskills.cz/shop-kategorie/lezyne?yith_wcan=1&product_cat=lezyne 
poc-chranice poc-bryle-slunecni poc-obleceni-kalhoty",2026-02-18
"https://bikeskills.cz/shop-kategorie/lezyne?yith_wcan=1&product_cat=lezyne 
lezyne-co2-inflators balancni-cocky",2026-02-18
"https://bikeskills.cz/product-tag/lezyne-usa-inc-taiwan-branch-http-levelsportkoncept-web-mywac-cz-img-7d7a797c7e7579786d6f7a7e-6b5c5a5a5a5a5b5a5a606063-a20000100669-jpgresize500?yith_wcan=1&product_tag=lezyne-usa-inc-taiwan-branch-http-levelsportkoncept-web-mywac-cz-img-7d7a797c7e7579786d6f7a7e-6b5c5a5a5a5a5b5a5a606063-a20000100669-jpgresize500&product_cat=spank-naboje-nahradni-dily 
dvo-vidlice poc-chranice ostatni",2026-02-18
"https://bikeskills.cz/product-tag/kine-max-professional-gym-ball-gymnasticky-mic-65cm-ruzovy?yith_wcan=1&product_tag=kine-max-professional-gym-ball-gymnasticky-mic-65cm-ruzovy&product_cat=knihy 
posilovaci-gumy lezyne-naradi-tire-repair",2026-02-18
"https://bikeskills.cz/product-tag/lezyne-usa-inc-taiwan-branch-http-levelsportkoncept-web-mywac-cz-img-7d7a797c7e7579786d6f7a7e-6b5c5a5a5a5a5b5a5a606063-a20000100669-jpgresize500?yith_wcan=1&product_tag=lezyne-usa-inc-taiwan-branch-http-levelsportkoncept-web-mywac-cz-img-7d7a797c7e7579786d6f7a7e-6b5c5a5a5a5a5b5a5a606063-a20000100669-jpgresize500&product_cat=posilovaci-gumy 
dvo-pruziny bikeworkx-pasty",2026-02-18
"https://bikeskills.cz/product-tag/lezyne-usa-inc-taiwan-branch-http-levelsportkoncept-web-mywac-cz-img-7d7a797c7e7579786d6f7a7e-6b5c5a5a5a5a5b5a5a606063-a20000100669-jpgresize500?yith_wcan=1&product_tag=lezyne-usa-inc-taiwan-branch-http-levelsportkoncept-web-mywac-cz-img-7d7a797c7e7579786d6f7a7e-6b5c5a5a5a5a5b5a5a606063-a20000100669-jpgresize500&product_cat=e-13-zapletena-kola-29 
masazni-dvojmicky poc-prilby-cyklisticke",2026-02-17
"https://bikeskills.cz/shop-kategorie/lezyne?yith_wcan=1&product_cat=lezyne 
spank-riditka-mtb poc-prilby-snow spank-naboje",2026-02-16
"https://bikeskills.cz/product-tag/kine-max-professional-gym-ball-gymnasticky-mic-65cm-modry?yith_wcan=1&product_tag=kine-max-professional-gym-ball-gymnasticky-mic-65cm-modry&product_cat=smycky-mini-loop 
e-13-stredova-slozeni-zavitova",2026-02-15
"https://bikeskills.cz/product-tag/lezyne-usa-inc-taiwan-branch-http-levelsportkoncept-web-mywac-cz-img-7d7a797c7e7579786d6f7a7e-6b5c5a5a5a5a5b5a5a606063-a20000100669-jpgresize500?yith_wcan=1&product_tag=lezyne-usa-inc-taiwan-branch-http-levelsportkoncept-web-mywac-cz-img-7d7a797c7e7579786d6f7a7e-6b5c5a5a5a5a5b5a5a606063-a20000100669-jpgresize500&product_cat=spank-naboje-nahradni-dily 
dvo-vidlice poc-chranice e-13-teleskopicke-sedlovky",2026-02-15
"https://bikeskills.cz/product-tag/tubolitoduse-tubolito-bmx-22-24x1-5-2-5-av42?yith_wcan=1&product_tag=tubolitoduse-tubolito-bmx-22-24x1-5-2-5-av42&product_cat=lezyne-naradi-tire-repair 
supacaz-lahve e-13-teleskopicke-sedlovky",2026-02-14
"https://bikeskills.cz/product-tag/tubolitoduse-tubolito-bmx-22-24x1-5-2-5-av42?yith_wcan=1&product_tag=tubolitoduse-tubolito-bmx-22-24x1-5-2-5-av42&product_cat=lezyne-naradi-tire-repair 
supacaz-lahve lezyne-led-svetla-led-lighting",2026-02-13
"https://bikeskills.cz/product-tag/kine-max-professional-massage-foam-roller-masazni-valec-modry?yith_wcan=1&product_tag=kine-max-professional-massage-foam-roller-masazni-valec-modry&product_cat=supacaz-kosiky 
poc e-13-kliky-mtb-gravel",2026-02-11
"https://bikeskills.cz/product-tag/kine-max-professional-massage-foam-roller-masazni-valec-modry?yith_wcan=1&product_tag=kine-max-professional-massage-foam-roller-masazni-valec-modry&product_cat=supacaz-kosiky 
poc lezyne-naradi-multi-tools",2026-02-10
"https://bikeskills.cz/product-tag/kine-max-professional-massage-foam-roller-masazni-valec-modry?yith_wcan=1&product_tag=kine-max-professional-massage-foam-roller-masazni-valec-modry&product_cat=dresy-telka 
dvo-pruziny-prorate-ls-spring bezdusovy-tmel",2026-02-10
"https://bikeskills.cz/product-tag/kine-max-professional-massage-foam-roller-masazni-valec-modry?yith_wcan=1&product_tag=kine-max-professional-massage-foam-roller-masazni-valec-modry&product_cat=supacaz-kosiky 
poc e-13-naboje-zadni",2026-02-09
"https://bikeskills.cz/product-tag/kine-max-professional-massage-foam-roller-masazni-valec-modry?yith_wcan=1&product_tag=kine-max-professional-massage-foam-roller-masazni-valec-modry&product_cat=supacaz-kosiky 
poc kalhoty",2026-02-09
"https://bikeskills.cz/product-tag/kine-max-professional-massage-foam-roller-masazni-valec-modry?yith_wcan=1&product_tag=kine-max-professional-massage-foam-roller-masazni-valec-modry&product_cat=dresy-telka 
dvo-pruziny-prorate-ls-spring e-13-kazety-race",2026-02-09
https://bikeskills.cz/product-tag/tubolitoduse-tubolito-cx-gravel-700x32-50c-sv60?yith_wcan=1&product_tag=tubolitoduse-tubolito-cx-gravel-700x32-50c-sv60&query_type_velikost=and&filter_velikost=28&product_cat=poc-batohy-a-tasky,2026-02-06
"https://bikeskills.cz/shop-kategorie/lezyne?yith_wcan=1&product_cat=lezyne 
lezyne-doplnky-bells e-13-pedaly e-13-stredova-slozeni-pressfit",2026-02-03
"https://bikeskills.cz/product-tag/kine-max-professional-massage-foam-roller-masazni-valec-eva-foam-90cm-modry?yith_wcan=1&product_tag=kine-max-professional-massage-foam-roller-masazni-valec-eva-foam-90cm-modry&product_cat=spank-naboje 
kalhoty",2026-02-03
"https://bikeskills.cz/product-tag/kine-max-professional-massage-foam-roller-masazni-valec-modry?yith_wcan=1&product_tag=kine-max-professional-massage-foam-roller-masazni-valec-modry&product_cat=lezyne-naradi-tire-repair 
lezyne-led-svetla",2026-02-02
"https://bikeskills.cz/shop-kategorie/poc/poc-ski/poc-ski-pocito?yith_wcan=1&product_cat=poc-ski-pocito 
5-e-13-plaste",2026-01-31
"https://bikeskills.cz/shop-kategorie/poc/poc-ski/poc-ski-pocito?yith_wcan=1&product_cat=poc-ski-pocito 
lezyne-naradi",2026-01-31
"https://bikeskills.cz/shop-kategorie/poc/poc-ski/poc-ski-pocito?yith_wcan=1&product_cat=poc-ski-pocito 
e-13-kliky",2026-01-31
"https://bikeskills.cz/shop-kategorie/poc/poc-ski/poc-ski-pocito?yith_wcan=1&product_cat=poc-ski-pocito 
spank",2026-01-31
"https://bikeskills.cz/shop-kategorie/poc/poc-ski/poc-ski-pocito?yith_wcan=1&product_cat=poc-ski-pocito 
kalhoty",2026-01-31
"https://bikeskills.cz/shop-kategorie/poc/poc-ski/poc-ski-pocito?yith_wcan=1&product_cat=poc-ski-pocito 
maloja-zeny",2026-01-31
"https://bikeskills.cz/shop-kategorie/poc/poc-ski/poc-ski-pocito?yith_wcan=1&product_cat=poc-ski-pocito 
dvo-pumpy",2026-01-31
"https://bikeskills.cz/product-tag/kine-max-professional-massage-foam-roller-masazni-valec-eva-foam-90cm-modry?yith_wcan=1&product_tag=kine-max-professional-massage-foam-roller-masazni-valec-eva-foam-90cm-modry&product_cat=e-13-pedaly 
masazni-valce balancni-pomuc",2026-01-30
"https://bikeskills.cz/product-tag/kine-max-professional-massage-foam-roller-masazni-valec-eva-foam-90cm-modry?yith_wcan=1&product_tag=kine-max-professional-massage-foam-roller-masazni-valec-eva-foam-90cm-modry&product_cat=e-13-pedaly 
masazni-valce cvicebni-mice",2026-01-29
"https://bikeskills.cz/product-tag/kine-max-professional-massage-foam-roller-masazni-valec-eva-foam-90cm-modry?yith_wcan=1&product_tag=kine-max-professional-massage-foam-roller-masazni-valec-eva-foam-90cm-modry&product_cat=spank-naboje 
poc-obleceni-rukavice",2026-01-21
"https://bikeskills.cz/product-tag/kine-max-professional-massage-foam-roller-masazni-valec-eva-foam-90cm-modry?yith_wcan=1&product_tag=kine-max-professional-massage-foam-roller-masazni-valec-eva-foam-90cm-modry&product_cat=spank-naboje 
masazni-tyce",2026-01-18
"https://bikeskills.cz/product-tag/tubolitoduse-tubolito-road-700x18-32c-sv42?yith_wcan=1&product_tag=tubolitoduse-tubolito-road-700x18-32c-sv42&product_cat=spank-naboje 
bikeworkx-pasty",2026-01-18
"https://bikeskills.cz/product-tag/tubolitoduse-tubolito-bmx-22-24x1-5-2-5-av42?yith_wcan=1&product_tag=tubolitoduse-tubolito-bmx-22-24x1-5-2-5-av42&product_cat=lezyne-naradi-tire-repair 
supacaz-lahve poc-obleceni-bundy-a-vesty",2026-01-11
https://bikeskills.cz/shop/?yith_wcan=1&product_cat=kalhoty-volnocasove-obleceni,2026-01-11
"https://bikeskills.cz/product-tag/tubolitoduse-tubolito-bmx-22-24x1-5-2-5-av42?yith_wcan=1&product_tag=tubolitoduse-tubolito-bmx-22-24x1-5-2-5-av42&product_cat=lezyne-naradi-tire-repair 
supacaz-lahve supacaz-doplnky",2026-01-11
https://bikeskills.cz/shop/?yith_wcan=1&product_cat=volnocasove-obleceni,2026-01-11
"https://bikeskills.cz/product-tag/tubolitoduse-tubolito-bmx-22-24x1-5-2-5-av42?yith_wcan=1&product_tag=tubolitoduse-tubolito-bmx-22-24x1-5-2-5-av42&product_cat=lezyne-naradi-tire-repair 
supacaz-lahve spank-naboje-predni",2026-01-10
"https://bikeskills.cz/product-tag/kine-max-professional-massage-foam-roller-masazni-valec-eva-foam-90cm-modry?yith_wcan=1&product_tag=kine-max-professional-massage-foam-roller-masazni-valec-eva-foam-90cm-modry&product_cat=e-13-pedaly 
masazni-valce e-13-naboje-predni",2026-01-10
"https://bikeskills.cz/product-tag/kine-max-professional-massage-foam-roller-masazni-valec-eva-foam-90cm-modry?yith_wcan=1&product_tag=kine-max-professional-massage-foam-roller-masazni-valec-eva-foam-90cm-modry&product_cat=e-13-pedaly 
masazni-valce poc-obleceni",2026-01-09
"https://bikeskills.cz/shop-kategorie/poc/poc-ski/poc-ski-pocito?yith_wcan=1&product_cat=poc-ski-pocito 
maloja",2026-01-09
"https://bikeskills.cz/shop-kategorie/poc?yith_wcan=1&product_cat=poc 
bezdusovy-tmel",2026-01-09
"https://bikeskills.cz/product-tag/kine-max-professional-massage-foam-roller-masazni-valec-eva-foam-90cm-modry?yith_wcan=1&product_tag=kine-max-professional-massage-foam-roller-masazni-valec-eva-foam-90cm-modry&product_cat=e-13-pedaly 
masazni-valce e-13-napinaky-retezu-e-spec",2026-01-08
"https://bikeskills.cz/product-tag/kine-max-professional-massage-foam-roller-masazni-valec-eva-foam-90cm-modry?yith_wcan=1&product_tag=kine-max-professional-massage-foam-roller-masazni-valec-eva-foam-90cm-modry&product_cat=e-13-pedaly 
masazni-valce e-13-napinaky-retezu-dh",2026-01-08
"https://bikeskills.cz/product-tag/kine-max-professional-massage-foam-roller-masazni-valec-eva-foam-90cm-modry?yith_wcan=1&product_tag=kine-max-professional-massage-foam-roller-masazni-valec-eva-foam-90cm-modry&product_cat=e-13-pedaly 
masazni-valce 5",2026-01-08
"https://bikeskills.cz/product-tag/tubolitoduse-tubolito-bmx-22-24x1-5-2-5-av42?yith_wcan=1&product_tag=tubolitoduse-tubolito-bmx-22-24x1-5-2-5-av42&product_cat=lezyne-naradi-tire-repair 
supacaz-lahve dvo-vidlice",2026-01-08
"https://bikeskills.cz/product-tag/kine-max-professional-massage-foam-roller-masazni-valec-eva-foam-90cm-modry?yith_wcan=1&product_tag=kine-max-professional-massage-foam-roller-masazni-valec-eva-foam-90cm-modry&product_cat=e-13-pedaly 
masazni-valce kinesiologicka-super-pro-rayon-zvysena-adheze",2026-01-08
https://bikeskills.cz/shop-kategorie/poc?yith_wcan=1&product_cat=poc maloja,2026-01-08
https://bikeskills.cz/shop-kategorie/poc?yith_wcan=1&product_cat=poc&query_type_velikost=and&filter_velikost=m,2026-01-08
"https://bikeskills.cz/shop-kategorie/poc?yith_wcan=1&product_cat=poc 
bikeskills-produkty",2026-01-08
https://bikeskills.cz/shop-kategorie/poc?yith_wcan=1&product_cat=poc plaste,2026-01-08
"https://bikeskills.cz/shop-kategorie/spank?yith_wcan=1&product_cat=spank 
maloja",2026-01-07
"https://bikeskills.cz/product-tag/kine-max-neutral-massage-oil?yith_wcan=1&product_tag=kine-max-neutral-massage-oil&product_cat=balancni-cocky 
gymball",2026-01-07
"https://bikeskills.cz/product-tag/tubolitoduse-tubolito-road-700x18-32c-sv42?yith_wcan=1&product_tag=tubolitoduse-tubolito-road-700x18-32c-sv42&product_cat=spank-naboje 
supacaz-lahve",2026-01-06
"https://bikeskills.cz/product-tag/poc-sweden-ab-http-levelsportkoncept-web-mywac-cz-img-7d7a797c7e7579786d6f7a7e-6b5c5a5a5a5a5c5e625a6260-a20000248086-jpgresize500?yith_wcan=1&product_tag=poc-sweden-ab-http-levelsportkoncept-web-mywac-cz-img-7d7a797c7e7579786d6f7a7e-6b5c5a5a5a5a5c5e625a6260-a20000248086-jpgresize500&product_cat=lezyne-gps 
e-13-kliky spank-naboje-nahradni-dily maloja-zima",2026-01-06
"https://bikeskills.cz/product-tag/poc-sweden-ab-http-levelsportkoncept-web-mywac-cz-img-7d7a797c7e7579786d6f7a7e-6b5c5a5a5a5a5c5e625a6260-a20000248086-jpgresize500?yith_wcan=1&product_tag=poc-sweden-ab-http-levelsportkoncept-web-mywac-cz-img-7d7a797c7e7579786d6f7a7e-6b5c5a5a5a5a5c5e625a6260-a20000248086-jpgresize500&product_cat=lezyne-gps 
e-13-kliky spank-naboje-nahradni-dily e-13-predstavce-50mm",2026-01-06
"https://bikeskills.cz/product-tag/tubolitoduse-tubolito-x-tubo-cx-gravel-28-700c-sv60b?yith_wcan=1&product_tag=tubolitoduse-tubolito-x-tubo-cx-gravel-28-700c-sv60b&product_cat=produkty 
kinesiologicka-super-pro-rayon-75cm-zvysena-adheze",2026-01-06
"https://bikeskills.cz/product-tag/kine-max-professional-massage-foam-roller-masazni-valec-eva-foam-90cm-modry?yith_wcan=1&product_tag=kine-max-professional-massage-foam-roller-masazni-valec-eva-foam-90cm-modry&product_cat=spank-naboje 
supacaz",2026-01-05
"https://bikeskills.cz/product-tag/kine-max-professional-gym-ball-gymnasticky-mic-65cm-stribrny?yith_wcan=1&product_tag=kine-max-professional-gym-ball-gymnasticky-mic-65cm-stribrny&product_cat=e-13 
e-13-kazety plaste",2026-01-05
"https://bikeskills.cz/product-tag/kine-max-professional-massage-foam-roller-masazni-valec-eva-foam-90cm-modry?yith_wcan=1&product_tag=kine-max-professional-massage-foam-roller-masazni-valec-eva-foam-90cm-modry&product_cat=spank-naboje 
spank-naboje-nahradni-dily",2026-01-05
"https://bikeskills.cz/shop-kategorie/bikeskills-produkty?yith_wcan=1&product_cat=bikeskills-produkty 
bezdusovy-tmel",2026-01-05
https://bikeskills.cz/shop-kategorie/spank?yith_wcan=1&product_cat=spank&query_type_velikost=and&filter_velikost=l,2026-01-05
"https://bikeskills.cz/product-tag/kine-max-professional-massage-foam-roller-masazni-valec-eva-foam-90cm-modry?yith_wcan=1&product_tag=kine-max-professional-massage-foam-roller-masazni-valec-eva-foam-90cm-modry&product_cat=spank-naboje 
spank",2026-01-05
"https://bikeskills.cz/product-tag/kine-max-professional-gym-ball-gymnasticky-mic-65cm-stribrny?yith_wcan=1&product_tag=kine-max-professional-gym-ball-gymnasticky-mic-65cm-stribrny&product_cat=e-13 
e-13-kazety knihy",2026-01-05
"https://bikeskills.cz/product-tag/kine-max-professional-massage-foam-roller-masazni-valec-eva-foam-90cm-modry?yith_wcan=1&product_tag=kine-max-professional-massage-foam-roller-masazni-valec-eva-foam-90cm-modry&product_cat=spank-naboje 
e-13-prevodniky-m-profile",2026-01-05
"https://bikeskills.cz/product-tag/kine-max-professional-gym-ball-gymnasticky-mic-65cm-stribrny?yith_wcan=1&product_tag=kine-max-professional-gym-ball-gymnasticky-mic-65cm-stribrny&product_cat=e-13 
e-13-kazety poc-obleceni-transit-kolekce",2026-01-05
https://bikeskills.cz/produkt/voucher-bikeskills/?attribute_hodnota=3500,2026-01-05
"https://bikeskills.cz/product-tag/kine-max-professional-massage-foam-roller-masazni-valec-eva-foam-90cm-modry?yith_wcan=1&product_tag=kine-max-professional-massage-foam-roller-masazni-valec-eva-foam-90cm-modry&product_cat=spank-naboje 
e-13-kliky-nahradni-dily",2026-01-05
"https://bikeskills.cz/product-tag/poc-sweden-ab-http-levelsportkoncept-web-mywac-cz-img-7d7a797c7e7579786d6f7a7e-6b5c5a5a5a5a5c5e625a6260-a20000248086-jpgresize500?yith_wcan=1&product_tag=poc-sweden-ab-http-levelsportkoncept-web-mywac-cz-img-7d7a797c7e7579786d6f7a7e-6b5c5a5a5a5a5c5e625a6260-a20000248086-jpgresize500&product_cat=lezyne-gps 
e-13-kliky spank-naboje-nahradni-dily masazni-valce",2026-01-05
"https://bikeskills.cz/product-tag/kine-max-professional-massage-foam-roller-masazni-valec-eva-foam-90cm-modry?yith_wcan=1&product_tag=kine-max-professional-massage-foam-roller-masazni-valec-eva-foam-90cm-modry&product_cat=spank-naboje 
e-13-kazety",2026-01-05
"https://bikeskills.cz/product-tag/tubolitoduse-tubolito-bmx-22-24x1-5-2-5-av42?yith_wcan=1&product_tag=tubolitoduse-tubolito-bmx-22-24x1-5-2-5-av42&product_cat=lezyne-naradi-tire-repair 
supacaz-lahve 5-dvo-vidlice",2026-01-05
"https://bikeskills.cz/product-tag/poc-sweden-ab-http-levelsportkoncept-web-mywac-cz-img-7d7a797c7e7579786d6f7a7e-6b5c5a5a5a5a5c5e625a6260-a20000248086-jpgresize500?yith_wcan=1&product_tag=poc-sweden-ab-http-levelsportkoncept-web-mywac-cz-img-7d7a797c7e7579786d6f7a7e-6b5c5a5a5a5a5c5e625a6260-a20000248086-jpgresize500&product_cat=lezyne-gps 
e-13-kliky spank-naboje-nahradni-dily 
kinesiologicka-super-pro-rayon-zvysena-adheze",2026-01-05
"https://bikeskills.cz/shop-kategorie/produkty/masazni-oleje?yith_wcan=1&product_cat=masazni-oleje 
e-13-napinaky-retezu lezyne-naradi-tire-levers 
e-13-napinaky-retezu-nahradni-dily",2026-01-05
"https://bikeskills.cz/product-tag/poc-sweden-ab-http-levelsportkoncept-web-mywac-cz-img-7d7a797c7e7579786d6f7a7e-6b5c5a5a5a5a5c5e625a6260-a20000248086-jpgresize500?yith_wcan=1&product_tag=poc-sweden-ab-http-levelsportkoncept-web-mywac-cz-img-7d7a797c7e7579786d6f7a7e-6b5c5a5a5a5a5c5e625a6260-a20000248086-jpgresize500&product_cat=lezyne-gps 
e-13-kliky spank-naboje-nahradni-dily dvo-top-work-mat",2026-01-04
"https://bikeskills.cz/product-tag/kine-max-professional-massage-foam-roller-masazni-valec-eva-foam-90cm-modry?yith_wcan=1&product_tag=kine-max-professional-massage-foam-roller-masazni-valec-eva-foam-90cm-modry&product_cat=spank-naboje 
poc-bryle-sjezdove",2026-01-04
"https://bikeskills.cz/product-tag/poc-sweden-ab-http-levelsportkoncept-web-mywac-cz-img-7d7a797c7e7579786d6f7a7e-6b5c5a5a5a5a5c5e625a6260-a20000248086-jpgresize500?yith_wcan=1&product_tag=poc-sweden-ab-http-levelsportkoncept-web-mywac-cz-img-7d7a797c7e7579786d6f7a7e-6b5c5a5a5a5a5c5e625a6260-a20000248086-jpgresize500&product_cat=lezyne-gps 
e-13-kliky spank-naboje-nahradni-dily e-13-naboje-zadni",2026-01-04
"https://bikeskills.cz/product-tag/tubolitoduse-tubolito-road-700x18-32c-sv42?yith_wcan=1&product_tag=tubolitoduse-tubolito-road-700x18-32c-sv42&product_cat=spank-naboje 
dvo-top-work-mat",2026-01-04
"https://bikeskills.cz/product-tag/tubolitoduse-tubolito-road-700x18-32c-sv42?yith_wcan=1&product_tag=tubolitoduse-tubolito-road-700x18-32c-sv42&product_cat=spank-naboje 
poc-prilby",2026-01-04
"https://bikeskills.cz/product-tag/tubolitoduse-tubolito-road-700x18-32c-sv42?yith_wcan=1&product_tag=tubolitoduse-tubolito-road-700x18-32c-sv42&product_cat=spank-naboje 
masaz-valce-tyce",2026-01-04
"https://bikeskills.cz/product-tag/kine-max-professional-massage-foam-roller-masazni-valec-eva-foam-90cm-modry?yith_wcan=1&product_tag=kine-max-professional-massage-foam-roller-masazni-valec-eva-foam-90cm-modry&product_cat=spank-naboje 
spank-riditka-mtb",2026-01-04
"https://bikeskills.cz/product-tag/tubolitoduse-tubolito-road-700x18-32c-sv42?yith_wcan=1&product_tag=tubolitoduse-tubolito-road-700x18-32c-sv42&product_cat=spank-naboje 
lezyne-led-svetla-led-lighting-stvzo",2026-01-04
"https://bikeskills.cz/product-tag/kine-max-professional-massage-foam-roller-masazni-valec-eva-foam-90cm-modry?yith_wcan=1&product_tag=kine-max-professional-massage-foam-roller-masazni-valec-eva-foam-90cm-modry&product_cat=spank-naboje 
supacaz-textil",2026-01-04
"https://bikeskills.cz/product-tag/kine-max-professional-massage-foam-roller-masazni-valec-eva-foam-90cm-modry?yith_wcan=1&product_tag=kine-max-professional-massage-foam-roller-masazni-valec-eva-foam-90cm-modry&product_cat=spank-naboje 
bikeworkx-maziva-na-retezy-univerzalni-oleje",2026-01-04
"https://bikeskills.cz/product-tag/poc-sweden-ab-http-levelsportkoncept-web-mywac-cz-img-7d7a797c7e7579786d6f7a7e-6b5c5a5a5a5a5c5e625a6260-a20000248086-jpgresize500?yith_wcan=1&product_tag=poc-sweden-ab-http-levelsportkoncept-web-mywac-cz-img-7d7a797c7e7579786d6f7a7e-6b5c5a5a5a5a5c5e625a6260-a20000248086-jpgresize500&product_cat=lezyne-gps 
e-13-kliky spank-naboje-nahradni-dily poc-obleceni-doplnky",2026-01-04
"https://bikeskills.cz/product-tag/poc-sweden-ab-http-levelsportkoncept-web-mywac-cz-img-7d7a797c7e7579786d6f7a7e-6b5c5a5a5a5a5c5e625a6260-a20000248086-jpgresize500?yith_wcan=1&product_tag=poc-sweden-ab-http-levelsportkoncept-web-mywac-cz-img-7d7a797c7e7579786d6f7a7e-6b5c5a5a5a5a5c5e625a6260-a20000248086-jpgresize500&product_cat=lezyne-gps 
e-13-kliky spank-naboje-nahradni-dily ostatni",2026-01-04
"https://bikeskills.cz/product-tag/poc-sweden-ab-http-levelsportkoncept-web-mywac-cz-img-7d7a797c7e7579786d6f7a7e-6b5c5a5a5a5a5c5e625a6260-a20000248086-jpgresize500?yith_wcan=1&product_tag=poc-sweden-ab-http-levelsportkoncept-web-mywac-cz-img-7d7a797c7e7579786d6f7a7e-6b5c5a5a5a5a5c5e625a6260-a20000248086-jpgresize500&product_cat=lezyne-gps 
e-13-kliky spank-naboje-nahradni-dily smycky-super-loop",2026-01-04
"https://bikeskills.cz/product-tag/poc-sweden-ab-http-levelsportkoncept-web-mywac-cz-img-7d7a797c7e7579786d6f7a7e-6b5c5a5a5a5a5c5e625a6260-a20000248086-jpgresize500?yith_wcan=1&product_tag=poc-sweden-ab-http-levelsportkoncept-web-mywac-cz-img-7d7a797c7e7579786d6f7a7e-6b5c5a5a5a5a5c5e625a6260-a20000248086-jpgresize500&product_cat=lezyne-gps 
e-13-kliky spank-naboje-nahradni-dily poc-bryle-sjezdove",2026-01-04
"https://bikeskills.cz/product-tag/poc-sweden-ab-http-levelsportkoncept-web-mywac-cz-img-7d7a797c7e7579786d6f7a7e-6b5c5a5a5a5a5c5e625a6260-a20000248086-jpgresize500?yith_wcan=1&product_tag=poc-sweden-ab-http-levelsportkoncept-web-mywac-cz-img-7d7a797c7e7579786d6f7a7e-6b5c5a5a5a5a5c5e625a6260-a20000248086-jpgresize500&product_cat=lezyne-gps 
e-13-kliky spank-naboje-nahradni-dily gymball",2026-01-04
"https://bikeskills.cz/product-tag/poc-sweden-ab-http-levelsportkoncept-web-mywac-cz-img-7d7a797c7e7579786d6f7a7e-6b5c5a5a5a5a5c5e625a6260-a20000248086-jpgresize500?yith_wcan=1&product_tag=poc-sweden-ab-http-levelsportkoncept-web-mywac-cz-img-7d7a797c7e7579786d6f7a7e-6b5c5a5a5a5a5c5e625a6260-a20000248086-jpgresize500&product_cat=lezyne-gps 
e-13-kliky spank-naboje-nahradni-dily dvo-sedla",2026-01-04
"https://bikeskills.cz/product-tag/poc-sweden-ab-http-levelsportkoncept-web-mywac-cz-img-7d7a797c7e7579786d6f7a7e-6b5c5a5a5a5a5c5e625a6260-a20000248086-jpgresize500?yith_wcan=1&product_tag=poc-sweden-ab-http-levelsportkoncept-web-mywac-cz-img-7d7a797c7e7579786d6f7a7e-6b5c5a5a5a5a5c5e625a6260-a20000248086-jpgresize500&product_cat=lezyne-gps 
e-13-kliky spank-naboje-nahradni-dily lezyne-doplnky-bells",2026-01-04
"https://bikeskills.cz/product-tag/tubolitoduse-tubolito-road-700x18-32c-sv42?yith_wcan=1&product_tag=tubolitoduse-tubolito-road-700x18-32c-sv42&product_cat=spank-naboje 
posilovaci-gumy",2026-01-04
"https://bikeskills.cz/product-tag/kine-max-professional-massage-foam-roller-masazni-valec-eva-foam-90cm-modry?yith_wcan=1&product_tag=kine-max-professional-massage-foam-roller-masazni-valec-eva-foam-90cm-modry&product_cat=e-13-pedaly 
e-13-plaste-27 lezyne-doplnky",2026-01-04
"https://bikeskills.cz/product-tag/tubolitoduse-tubolito-road-700x18-32c-sv42?yith_wcan=1&product_tag=tubolitoduse-tubolito-road-700x18-32c-sv42&product_cat=spank-naboje 
kinesiologicka-happy-tape-s-obrazky-zviratek",2026-01-04
"https://bikeskills.cz/product-tag/tubolitoduse-tubolito-road-700x18-32c-sv42?yith_wcan=1&product_tag=tubolitoduse-tubolito-road-700x18-32c-sv42&product_cat=spank-naboje 
lezyne-gps",2026-01-04
"https://bikeskills.cz/product-tag/tubolitoduse-tubolito-road-700x18-32c-sv42?yith_wcan=1&product_tag=tubolitoduse-tubolito-road-700x18-32c-sv42&product_cat=spank-naboje 
spank-pedaly-nahradni-dily",2026-01-04
"https://bikeskills.cz/shop-kategorie/poc?yith_wcan=1&product_cat=poc 
bezdusove-ventilky",2026-01-04
"https://bikeskills.cz/product-tag/tubolitoduse-tubolito-bmx-22-24x1-5-2-5-av42?yith_wcan=1&product_tag=tubolitoduse-tubolito-bmx-22-24x1-5-2-5-av42&product_cat=lezyne-naradi-tire-repair 
supacaz-lahve supacaz",2026-01-04
"https://bikeskills.cz/shop-kategorie/spank?yith_wcan=1&product_cat=spank 
bikeskills-produkty",2026-01-04
"https://bikeskills.cz/product-tag/e-13-naboje-predni?yith_wcan=1&product_tag=e-13-naboje-predni&product_cat=dvo-vidlice-29 
poc-obleceni lezyne-led-svetla-led-lighting",2026-01-04
"https://bikeskills.cz/product-tag/poc-sweden-ab-http-levelsportkoncept-web-mywac-cz-img-7d7a797c7e7579786d6f7a7e-6b5c5a5a5a5a5c5e625a6260-a20000248086-jpgresize500?yith_wcan=1&product_tag=poc-sweden-ab-http-levelsportkoncept-web-mywac-cz-img-7d7a797c7e7579786d6f7a7e-6b5c5a5a5a5a5c5e625a6260-a20000248086-jpgresize500&product_cat=lezyne-gps 
e-13-kliky spank-naboje-nahradni-dily spank-pedaly-nahradni-dily",2026-01-04
"https://bikeskills.cz/product-tag/kine-max-professional-massage-foam-roller-masazni-valec-eva-foam-90cm-modry?yith_wcan=1&product_tag=kine-max-professional-massage-foam-roller-masazni-valec-eva-foam-90cm-modry&product_cat=spank-naboje 
spank-zapletena-kola-zadni",2026-01-04
"https://bikeskills.cz/product-tag/poc-sweden-ab-http-levelsportkoncept-web-mywac-cz-img-7d7a797c7e7579786d6f7a7e-6b5c5a5a5a5a5c5e625a6260-a20000248086-jpgresize500?yith_wcan=1&product_tag=poc-sweden-ab-http-levelsportkoncept-web-mywac-cz-img-7d7a797c7e7579786d6f7a7e-6b5c5a5a5a5a5c5e625a6260-a20000248086-jpgresize500&product_cat=lezyne-gps 
e-13-kliky spank-naboje-nahradni-dily 
neelasticka-colored-team-tape-barevne-tejpovaci-pasky",2026-01-04
"https://bikeskills.cz/product-tag/tubolitoduse-tubolito-bmx-22-24x1-5-2-5-av42?yith_wcan=1&product_tag=tubolitoduse-tubolito-bmx-22-24x1-5-2-5-av42&product_cat=lezyne-naradi-tire-repair 
supacaz-lahve lezyne-led-svetla-led-lighting-accessories",2026-01-04
"https://bikeskills.cz/product-tag/tubolitoduse-tubolito-bmx-22-24x1-5-2-5-av42?yith_wcan=1&product_tag=tubolitoduse-tubolito-bmx-22-24x1-5-2-5-av42&product_cat=lezyne-naradi-tire-repair 
supacaz-lahve lezyne-doplnky-airtag-accessories",2026-01-04
"https://bikeskills.cz/product-tag/tubolitoduse-tubolito-bmx-22-24x1-5-2-5-av42?yith_wcan=1&product_tag=tubolitoduse-tubolito-bmx-22-24x1-5-2-5-av42&product_cat=lezyne-naradi-tire-repair 
supacaz-lahve maloja-leto",2026-01-04
"https://bikeskills.cz/product-tag/tubolitoduse-tubolito-road-700x18-32c-sv42?yith_wcan=1&product_tag=tubolitoduse-tubolito-road-700x18-32c-sv42&product_cat=spank-naboje 
poc-bryle",2026-01-04
"https://bikeskills.cz/product-tag/tubolitoduse-tubolito-bmx-22-24x1-5-2-5-av42?yith_wcan=1&product_tag=tubolitoduse-tubolito-bmx-22-24x1-5-2-5-av42&product_cat=lezyne-naradi-tire-repair 
supacaz-lahve e-13-zapletena-kola-27",2026-01-04
"https://bikeskills.cz/product-tag/tubolitoduse-tubolito-road-700x18-32c-sv42?yith_wcan=1&product_tag=tubolitoduse-tubolito-road-700x18-32c-sv42&product_cat=spank-naboje 
poc-obleceni-transit-kolekce",2026-01-04
"https://bikeskills.cz/product-tag/kine-max-professional-massage-foam-roller-masazni-valec-eva-foam-90cm-modry?yith_wcan=1&product_tag=kine-max-professional-massage-foam-roller-masazni-valec-eva-foam-90cm-modry&product_cat=spank-naboje 
kinesiologicka-happy-tape-s-obrazky-zviratek",2026-01-04
"https://bikeskills.cz/product-tag/tubolitoduse-tubolito-bmx-22-24x1-5-2-5-av42?yith_wcan=1&product_tag=tubolitoduse-tubolito-bmx-22-24x1-5-2-5-av42&product_cat=lezyne-naradi-tire-repair 
supacaz-lahve kalhoty-volnocasove-obleceni",2026-01-04
"https://bikeskills.cz/product-tag/tubolitoduse-tubolito-road-700x18-32c-sv42?yith_wcan=1&product_tag=tubolitoduse-tubolito-road-700x18-32c-sv42&product_cat=spank-naboje 
gymball",2026-01-04
"https://bikeskills.cz/product-tag/tubolitoduse-tubolito-bmx-22-24x1-5-2-5-av42?yith_wcan=1&product_tag=tubolitoduse-tubolito-bmx-22-24x1-5-2-5-av42&product_cat=lezyne-naradi-tire-repair 
supacaz-lahve e-13-prevodniky-e-spec",2026-01-04
"https://bikeskills.cz/product-tag/poc-sweden-ab-http-levelsportkoncept-web-mywac-cz-img-7d7a797c7e7579786d6f7a7e-6b5c5a5a5a5a5c5e625a6260-a20000248086-jpgresize500?yith_wcan=1&product_tag=poc-sweden-ab-http-levelsportkoncept-web-mywac-cz-img-7d7a797c7e7579786d6f7a7e-6b5c5a5a5a5a5c5e625a6260-a20000248086-jpgresize500&product_cat=lezyne-gps 
e-13-kliky spank-naboje-nahradni-dily bezdusovy-tmel",2026-01-04
"https://bikeskills.cz/product-tag/tubolitoduse-tubolito-bmx-22-24x1-5-2-5-av42?yith_wcan=1&product_tag=tubolitoduse-tubolito-bmx-22-24x1-5-2-5-av42&product_cat=lezyne-naradi-tire-repair 
supacaz-lahve samofix-obinadla",2026-01-03
"https://bikeskills.cz/product-tag/tubolitoduse-tubolito-road-700x18-32c-sv42?yith_wcan=1&product_tag=tubolitoduse-tubolito-road-700x18-32c-sv42&product_cat=spank-naboje 
dvo-vidlice-27",2026-01-03
"https://bikeskills.cz/product-tag/kine-max-professional-massage-foam-roller-masazni-valec-eva-foam-90cm-modry?yith_wcan=1&product_tag=kine-max-professional-massage-foam-roller-masazni-valec-eva-foam-90cm-modry&product_cat=spank-naboje 
lezyne-doplnky",2026-01-03
"https://bikeskills.cz/product-tag/poc-sweden-ab-http-levelsportkoncept-web-mywac-cz-img-7d7a797c7e7579786d6f7a7e-6b5c5a5a5a5a5c5e625a6260-a20000248086-jpgresize500?yith_wcan=1&product_tag=poc-sweden-ab-http-levelsportkoncept-web-mywac-cz-img-7d7a797c7e7579786d6f7a7e-6b5c5a5a5a5a5c5e625a6260-a20000248086-jpgresize500&product_cat=lezyne-gps 
e-13-kliky spank-naboje-nahradni-dily lezyne-co2-inflators",2026-01-03
"https://bikeskills.cz/product-tag/tubolitoduse-tubolito-road-700x18-32c-sv42?yith_wcan=1&product_tag=tubolitoduse-tubolito-road-700x18-32c-sv42&product_cat=spank-naboje 
dvo-vidlice",2026-01-03
"https://bikeskills.cz/product-tag/tubolitoduse-tubolito-road-700x18-32c-sv42?yith_wcan=1&product_tag=tubolitoduse-tubolito-road-700x18-32c-sv42&product_cat=spank-naboje 
dvo-pruziny-prorate-ls-spring",2026-01-03
"https://bikeskills.cz/product-tag/kine-max-professional-massage-foam-roller-masazni-valec-eva-foam-90cm-modry?yith_wcan=1&product_tag=kine-max-professional-massage-foam-roller-masazni-valec-eva-foam-90cm-modry&product_cat=spank-naboje 
podtejpovaci-pasky",2026-01-03
"https://bikeskills.cz/product-tag/kine-max-professional-massage-foam-roller-masazni-valec-eva-foam-90cm-modry?yith_wcan=1&product_tag=kine-max-professional-massage-foam-roller-masazni-valec-eva-foam-90cm-modry&product_cat=spank-naboje 
e-13-pedaly-pedaly",2026-01-01
"https://bikeskills.cz/product-tag/tubolitoduse-tubolito-road-700x18-32c-sv42?yith_wcan=1&product_tag=tubolitoduse-tubolito-road-700x18-32c-sv42&product_cat=spank-naboje 
poc-chranice",2026-01-01
"https://bikeskills.cz/product-tag/poc-sweden-ab-http-levelsportkoncept-web-mywac-cz-img-7d7a797c7e7579786d6f7a7e-6b5c5a5a5a5a5c5e625a6260-a20000248086-jpgresize500?yith_wcan=1&product_tag=poc-sweden-ab-http-levelsportkoncept-web-mywac-cz-img-7d7a797c7e7579786d6f7a7e-6b5c5a5a5a5a5c5e625a6260-a20000248086-jpgresize500&product_cat=lezyne-gps 
e-13-kliky spank-naboje-nahradni-dily e-13-teleskopicke-sedlovky-sedlovky",2026-01-01
"https://bikeskills.cz/product-tag/tubolitoduse-tubolito-road-700x18-32c-sv42?yith_wcan=1&product_tag=tubolitoduse-tubolito-road-700x18-32c-sv42&product_cat=spank-naboje 
poc-race-stuff",2026-01-01
"https://bikeskills.cz/product-tag/tubolitoduse-tubolito-road-700x18-32c-sv42?yith_wcan=1&product_tag=tubolitoduse-tubolito-road-700x18-32c-sv42&product_cat=spank-naboje 
maloja-zeny",2026-01-01
"https://bikeskills.cz/product-tag/poc-sweden-ab-http-levelsportkoncept-web-mywac-cz-img-7d7a797c7e7579786d6f7a7e-6b5c5a5a5a5a5c5e625a6260-a20000248086-jpgresize500?yith_wcan=1&product_tag=poc-sweden-ab-http-levelsportkoncept-web-mywac-cz-img-7d7a797c7e7579786d6f7a7e-6b5c5a5a5a5a5c5e625a6260-a20000248086-jpgresize500&product_cat=lezyne-gps 
e-13-kliky spank-naboje-nahradni-dily spank-riditka",2026-01-01
"https://bikeskills.cz/product-tag/kine-max-professional-massage-foam-roller-masazni-valec-eva-foam-90cm-modry?yith_wcan=1&product_tag=kine-max-professional-massage-foam-roller-masazni-valec-eva-foam-90cm-modry&product_cat=spank-naboje 
lezyne-co2-inflators",2026-01-01
"https://bikeskills.cz/shop-kategorie/bikeskills-produkty?yith_wcan=1&product_cat=bikeskills-produkty 
bezdusove-ventilky",2026-01-01
"https://bikeskills.cz/product-tag/kine-max-professional-massage-foam-roller-masazni-valec-modry?yith_wcan=1&product_tag=kine-max-professional-massage-foam-roller-masazni-valec-modry&product_cat=lezyne-naradi-tire-repair 
e-13-bezdusovy-system-ventilky",2025-12-29
"https://bikeskills.cz/shop-kategorie/produkty/masazni-oleje?yith_wcan=1&product_cat=masazni-oleje 
e-13-napinaky-retezu lezyne-naradi-tire-levers plaste",2025-12-29
"https://bikeskills.cz/product-tag/tubolitoduse-tubolito-bmx-22-24x1-5-2-5-av42?yith_wcan=1&product_tag=tubolitoduse-tubolito-bmx-22-24x1-5-2-5-av42&product_cat=lezyne-naradi-tire-repair 
supacaz-lahve e-13-prevodniky",2025-12-28
"https://bikeskills.cz/product-tag/poc-sweden-ab-bryle?yith_wcan=1&product_tag=poc-sweden-ab-bryle&product_cat=spank-rafkove-pasky 
poc-bryle",2025-12-28
"https://bikeskills.cz/product-tag/kine-max-professional-massage-foam-roller-masazni-valec-eva-foam-90cm-modry?yith_wcan=1&product_tag=kine-max-professional-massage-foam-roller-masazni-valec-eva-foam-90cm-modry&product_cat=e-13-pedaly 
e-13-plaste-27 e-13-stredova-slozeni-pressfit",2025-12-28
"https://bikeskills.cz/product-tag/kine-max-professional-massage-foam-roller-masazni-valec-eva-foam-90cm-modry?yith_wcan=1&product_tag=kine-max-professional-massage-foam-roller-masazni-valec-eva-foam-90cm-modry&product_cat=e-13-pedaly 
e-13-plaste-27 lezyne-co2-inflators",2025-12-27
"https://bikeskills.cz/product-tag/kine-max-professional-massage-foam-roller-masazni-valec-eva-foam-90cm-modry?yith_wcan=1&product_tag=kine-max-professional-massage-foam-roller-masazni-valec-eva-foam-90cm-modry&product_cat=e-13-pedaly 
e-13-plaste-27 lezyne-doplnky-airtag-accessories",2025-12-27
https://bikeskills.cz/product-tag/tubolitoduse-tubolito-cx-gravel-sv60?yith_wcan=1&product_tag=tubolitoduse-tubolito-cx-gravel-sv60&product_cat=poc-obleceni-kalhoty,2025-12-27
"https://bikeskills.cz/product-tag/kine-max-professional-gym-ball-gymnasticky-mic-65cm-ruzovy?yith_wcan=1&product_tag=kine-max-professional-gym-ball-gymnasticky-mic-65cm-ruzovy&product_cat=e-13-stredova-slozeni 
e-13-bezdusovy-system-rafkove-pasky",2025-12-26
"https://bikeskills.cz/product-tag/poc-sweden-ab-http-levelsportkoncept-web-mywac-cz-img-7d7a797c7e7579786d6f7a7e-6b5c5a5a5a5a5c5e625a6260-a20000248086-jpgresize500?yith_wcan=1&product_tag=poc-sweden-ab-http-levelsportkoncept-web-mywac-cz-img-7d7a797c7e7579786d6f7a7e-6b5c5a5a5a5a5c5e625a6260-a20000248086-jpgresize500&product_cat=lezyne-gps 
e-13-kliky spank-naboje-nahradni-dily lezyne-pumpy-floor-pumps",2025-12-26
"https://bikeskills.cz/product-tag/kine-max-professional-gym-ball-gymnasticky-mic-65cm-ruzovy?yith_wcan=1&product_tag=kine-max-professional-gym-ball-gymnasticky-mic-65cm-ruzovy&product_cat=e-13-stredova-slozeni 
rozmer-75cm-x-45m",2025-12-25
https://bikeskills.cz/produkt/voucher-bikeskills/?attribute_hodnota=2450,2025-12-25
"https://bikeskills.cz/product-tag/e-13-naboje-predni?yith_wcan=1&product_tag=e-13-naboje-predni&product_cat=dvo-vidlice-29 
poc-obleceni e-13-predstavce-50mm",2025-12-25
"https://bikeskills.cz/product-tag/e-13-naboje-predni?yith_wcan=1&product_tag=e-13-naboje-predni&product_cat=dvo-vidlice-29 
poc-obleceni poc-obleceni-doplnky",2025-12-25
"https://bikeskills.cz/product-tag/poc-sweden-ab-http-levelsportkoncept-web-mywac-cz-img-7d7a797c7e7579786d6f7a7e-6b5c5a5a5a5a5c5e625a6260-a20000248086-jpgresize500?yith_wcan=1&product_tag=poc-sweden-ab-http-levelsportkoncept-web-mywac-cz-img-7d7a797c7e7579786d6f7a7e-6b5c5a5a5a5a5c5e625a6260-a20000248086-jpgresize500&product_cat=lezyne-gps 
e-13-kliky spank-naboje-nahradni-dily 
kinesiologicka-happy-tape-s-obrazky-zviratek",2025-12-25
"https://bikeskills.cz/product-tag/kine-max-professional-gym-ball-gymnasticky-mic-65cm-ruzovy?yith_wcan=1&product_tag=kine-max-professional-gym-ball-gymnasticky-mic-65cm-ruzovy&product_cat=e-13-stredova-slozeni 
dvo-vidlice-29",2025-12-25
"https://bikeskills.cz/shop-kategorie/bikeskills-produkty?yith_wcan=1&product_cat=bikeskills-produkty 
volnocasove-obleceni",2025-12-25
"https://bikeskills.cz/product-tag/poc-sweden-ab-http-levelsportkoncept-web-mywac-cz-img-7d7a797c7e7579786d6f7a7e-6b5c5a5a5a5a5c5e625a6260-a20000248086-jpgresize500?yith_wcan=1&product_tag=poc-sweden-ab-http-levelsportkoncept-web-mywac-cz-img-7d7a797c7e7579786d6f7a7e-6b5c5a5a5a5a5c5e625a6260-a20000248086-jpgresize500&product_cat=lezyne-gps 
e-13-kliky spank-naboje-nahradni-dily dvo-pruziny",2025-12-25
"https://bikeskills.cz/product-tag/poc-sweden-ab-http-levelsportkoncept-web-mywac-cz-img-7d7a797c7e7579786d6f7a7e-6b5c5a5a5a5a5c5e625a6260-a20000248086-jpgresize500?yith_wcan=1&product_tag=poc-sweden-ab-http-levelsportkoncept-web-mywac-cz-img-7d7a797c7e7579786d6f7a7e-6b5c5a5a5a5a5c5e625a6260-a20000248086-jpgresize500&product_cat=lezyne-gps 
e-13-kliky spank-naboje-nahradni-dily poc-prilby",2025-12-25
"https://bikeskills.cz/product-tag/poc-sweden-ab-http-levelsportkoncept-web-mywac-cz-img-7d7a797c7e7579786d6f7a7e-6b5c5a5a5a5a5c5e625a6260-a20000248086-jpgresize500?yith_wcan=1&product_tag=poc-sweden-ab-http-levelsportkoncept-web-mywac-cz-img-7d7a797c7e7579786d6f7a7e-6b5c5a5a5a5a5c5e625a6260-a20000248086-jpgresize500&product_cat=lezyne-gps 
e-13-kliky spank-naboje-nahradni-dily dvo-tlumice-pruzinove",2025-12-25
"https://bikeskills.cz/product-tag/poc-sweden-ab-http-levelsportkoncept-web-mywac-cz-img-7d7a797c7e7579786d6f7a7e-6b5c5a5a5a5a5c5e625a6260-a20000248086-jpgresize500?yith_wcan=1&product_tag=poc-sweden-ab-http-levelsportkoncept-web-mywac-cz-img-7d7a797c7e7579786d6f7a7e-6b5c5a5a5a5a5c5e625a6260-a20000248086-jpgresize500&product_cat=lezyne-gps 
e-13-kliky spank-naboje-nahradni-dily podtejpovaci-pasky",2025-12-25
"https://bikeskills.cz/product-tag/kine-max-professional-gym-ball-gymnasticky-mic-65cm-ruzovy?yith_wcan=1&product_tag=kine-max-professional-gym-ball-gymnasticky-mic-65cm-ruzovy&product_cat=e-13-stredova-slozeni 
lezyne-led-svetla-led-lighting-stvzo",2025-12-25
"https://bikeskills.cz/product-tag/poc-sweden-ab-http-levelsportkoncept-web-mywac-cz-img-7d7a797c7e7579786d6f7a7e-6b5c5a5a5a5a5c5e625a6260-a20000248086-jpgresize500?yith_wcan=1&product_tag=poc-sweden-ab-http-levelsportkoncept-web-mywac-cz-img-7d7a797c7e7579786d6f7a7e-6b5c5a5a5a5a5c5e625a6260-a20000248086-jpgresize500&product_cat=lezyne-gps 
e-13-kliky spank-naboje-nahradni-dily supacaz-textil",2025-12-25
"https://bikeskills.cz/product-tag/kine-max-professional-gym-ball-gymnasticky-mic-65cm-ruzovy?yith_wcan=1&product_tag=kine-max-professional-gym-ball-gymnasticky-mic-65cm-ruzovy&product_cat=e-13-stredova-slozeni 
cvicebni-mice",2025-12-25
"https://bikeskills.cz/shop-kategorie/bikeskills-produkty?yith_wcan=1&product_cat=bikeskills-produkty 
maloja-zeny",2025-12-25
https://bikeskills.cz/product-tag/lezyne-usa?yith_wcan=1&product_tag=lezyne-usa&product_cat=rozmer-25cm-x-45m,2025-12-25
"https://bikeskills.cz/shop-kategorie/bikeskills-produkty?yith_wcan=1&product_cat=bikeskills-produkty 
plaste",2025-12-24
"https://bikeskills.cz/product-tag/tubolitoduse-tubolito-road-700x18-32c-sv42?yith_wcan=1&product_tag=tubolitoduse-tubolito-road-700x18-32c-sv42&product_cat=spank-naboje 
e-13",2025-12-24
"https://bikeskills.cz/product-tag/kine-max-professional-gym-ball-gymnasticky-mic-65cm-ruzovy?yith_wcan=1&product_tag=kine-max-professional-gym-ball-gymnasticky-mic-65cm-ruzovy&product_cat=e-13-stredova-slozeni 
lezyne-led-svetla-led-lighting-accessories",2025-12-24
"https://bikeskills.cz/product-tag/megasleva?yith_wcan=1&product_tag=megasleva&product_cat=spank-naboje 
pedaly",2025-12-24
"https://bikeskills.cz/product-tag/kine-max-professional-massage-foam-roller-masazni-valec-modry?yith_wcan=1&product_tag=kine-max-professional-massage-foam-roller-masazni-valec-modry&product_cat=lezyne-naradi-tire-repair 
pedaly",2025-12-24
"https://bikeskills.cz/product-tag/kine-max-professional-gym-ball-gymnasticky-mic-65cm-ruzovy?yith_wcan=1&product_tag=kine-max-professional-gym-ball-gymnasticky-mic-65cm-ruzovy&product_cat=e-13-stredova-slozeni 
lezyne-doplnky-phone-holders",2025-12-24
"https://bikeskills.cz/product-tag/kine-max-professional-massage-foam-roller-masazni-valec-modry?yith_wcan=1&product_tag=kine-max-professional-massage-foam-roller-masazni-valec-modry&product_cat=lezyne-naradi-tire-repair 
nuzky-ostatni",2025-12-24
"https://bikeskills.cz/product-tag/e-13-naboje-predni?yith_wcan=1&product_tag=e-13-naboje-predni&product_cat=dvo-vidlice-29 
poc-obleceni lezyne-doplnky-phone-holders",2025-12-24
"https://bikeskills.cz/product-tag/kine-max-professional-massage-foam-roller-masazni-valec-modry?yith_wcan=1&product_tag=kine-max-professional-massage-foam-roller-masazni-valec-modry&product_cat=lezyne-naradi-tire-repair 
lezyne-gps-accessories",2025-12-24
"https://bikeskills.cz/product-tag/kine-max-professional-gym-ball-gymnasticky-mic-65cm-ruzovy?yith_wcan=1&product_tag=kine-max-professional-gym-ball-gymnasticky-mic-65cm-ruzovy&product_cat=e-13-stredova-slozeni 
spank",2025-12-24
"https://bikeskills.cz/product-tag/kine-max-professional-gym-ball-gymnasticky-mic-65cm-ruzovy?yith_wcan=1&product_tag=kine-max-professional-gym-ball-gymnasticky-mic-65cm-ruzovy&product_cat=e-13-stredova-slozeni 
spank-sedla",2025-12-24
"https://bikeskills.cz/product-tag/kine-max-professional-massage-foam-roller-masazni-valec-modry?yith_wcan=1&product_tag=kine-max-professional-massage-foam-roller-masazni-valec-modry&product_cat=lezyne-naradi-tire-repair 
bezdusove-ventilky",2025-12-23
"https://bikeskills.cz/product-tag/kine-max-professional-gym-ball-gymnasticky-mic-65cm-ruzovy?yith_wcan=1&product_tag=kine-max-professional-gym-ball-gymnasticky-mic-65cm-ruzovy&product_cat=e-13-kliky 
nuzky-ostatni",2025-12-23
"https://bikeskills.cz/product-tag/kine-max-professional-massage-foam-roller-masazni-valec-modry?yith_wcan=1&product_tag=kine-max-professional-massage-foam-roller-masazni-valec-modry&product_cat=supacaz-kosiky 
poc bikeworkx-maziva-na-retezy-univerzalni-oleje",2025-12-23
"https://bikeskills.cz/product-tag/kine-max-professional-massage-foam-roller-masazni-valec-modry?yith_wcan=1&product_tag=kine-max-professional-massage-foam-roller-masazni-valec-modry&product_cat=lezyne-naradi-tire-repair 
poc-obleceni-bundy-a-vesty",2025-12-23
"https://bikeskills.cz/product-tag/kine-max-professional-gym-ball-gymnasticky-mic-65cm-ruzovy?yith_wcan=1&product_tag=kine-max-professional-gym-ball-gymnasticky-mic-65cm-ruzovy&product_cat=e-13-stredova-slozeni 
lezyne-doplnky-bottle-cages",2025-12-23
"https://bikeskills.cz/product-tag/kine-max-professional-gym-ball-gymnasticky-mic-65cm-ruzovy?yith_wcan=1&product_tag=kine-max-professional-gym-ball-gymnasticky-mic-65cm-ruzovy&product_cat=e-13-stredova-slozeni 
lezyne-co2-inflators",2025-12-23
"https://bikeskills.cz/product-tag/kine-max-professional-gym-ball-gymnasticky-mic-65cm-ruzovy?yith_wcan=1&product_tag=kine-max-professional-gym-ball-gymnasticky-mic-65cm-ruzovy&product_cat=e-13-stredova-slozeni 
balancni-podlozky",2025-12-23
"https://bikeskills.cz/product-tag/kine-max-professional-gym-ball-gymnasticky-mic-65cm-ruzovy?yith_wcan=1&product_tag=kine-max-professional-gym-ball-gymnasticky-mic-65cm-ruzovy&product_cat=e-13-stredova-slozeni 
kinesiologicka-super-pro-rayon-75cm-zvysena-adheze",2025-12-23
"https://bikeskills.cz/product-tag/kine-max-professional-gym-ball-gymnasticky-mic-65cm-ruzovy?yith_wcan=1&product_tag=kine-max-professional-gym-ball-gymnasticky-mic-65cm-ruzovy&product_cat=e-13-stredova-slozeni 
knihy",2025-12-23
"https://bikeskills.cz/product-tag/kine-max-professional-gym-ball-gymnasticky-mic-65cm-ruzovy?yith_wcan=1&product_tag=kine-max-professional-gym-ball-gymnasticky-mic-65cm-ruzovy&product_cat=e-13-stredova-slozeni 
lezyne-pumpy-pump-accessories",2025-12-23
"https://bikeskills.cz/product-tag/kine-max-professional-gym-ball-gymnasticky-mic-65cm-ruzovy?yith_wcan=1&product_tag=kine-max-professional-gym-ball-gymnasticky-mic-65cm-ruzovy&product_cat=e-13-stredova-slozeni 
e-13-kazety-nahradni-dily",2025-12-23
"https://bikeskills.cz/product-tag/kine-max-professional-gym-ball-gymnasticky-mic-65cm-ruzovy?yith_wcan=1&product_tag=kine-max-professional-gym-ball-gymnasticky-mic-65cm-ruzovy&product_cat=e-13-stredova-slozeni 
spank-rafky-gravel",2025-12-23
"https://bikeskills.cz/product-tag/kine-max-professional-gym-ball-gymnasticky-mic-65cm-ruzovy?yith_wcan=1&product_tag=kine-max-professional-gym-ball-gymnasticky-mic-65cm-ruzovy&product_cat=e-13-stredova-slozeni 
maloja-zeny",2025-12-23
"https://bikeskills.cz/product-tag/kine-max-professional-gym-ball-gymnasticky-mic-65cm-ruzovy?yith_wcan=1&product_tag=kine-max-professional-gym-ball-gymnasticky-mic-65cm-ruzovy&product_cat=e-13-stredova-slozeni 
e-13-pedaly-pedaly",2025-12-23
"https://bikeskills.cz/product-tag/kine-max-professional-gym-ball-gymnasticky-mic-65cm-ruzovy?yith_wcan=1&product_tag=kine-max-professional-gym-ball-gymnasticky-mic-65cm-ruzovy&product_cat=e-13-stredova-slozeni 
poc-obleceni-rukavice",2025-12-23
"https://bikeskills.cz/product-tag/kine-max-professional-gym-ball-gymnasticky-mic-65cm-ruzovy?yith_wcan=1&product_tag=kine-max-professional-gym-ball-gymnasticky-mic-65cm-ruzovy&product_cat=e-13-stredova-slozeni 
kalhoty-volnocasove-obleceni",2025-12-23
"https://bikeskills.cz/product-tag/kine-max-professional-gym-ball-gymnasticky-mic-65cm-ruzovy?yith_wcan=1&product_tag=kine-max-professional-gym-ball-gymnasticky-mic-65cm-ruzovy&product_cat=e-13-stredova-slozeni 
spank-riditka-gravel",2025-12-23
"https://bikeskills.cz/product-tag/kine-max-professional-gym-ball-gymnasticky-mic-65cm-ruzovy?yith_wcan=1&product_tag=kine-max-professional-gym-ball-gymnasticky-mic-65cm-ruzovy&product_cat=e-13-stredova-slozeni 
rozmer-10cm-x-45m",2025-12-23
"https://bikeskills.cz/product-tag/kine-max-professional-gym-ball-gymnasticky-mic-65cm-ruzovy?yith_wcan=1&product_tag=kine-max-professional-gym-ball-gymnasticky-mic-65cm-ruzovy&product_cat=e-13-stredova-slozeni 
spank-naboje",2025-12-23
"https://bikeskills.cz/product-tag/kine-max-professional-gym-ball-gymnasticky-mic-65cm-ruzovy?yith_wcan=1&product_tag=kine-max-professional-gym-ball-gymnasticky-mic-65cm-ruzovy&product_cat=e-13-stredova-slozeni 
dynamicke-ctyrstranne-roztazitelna",2025-12-23
"https://bikeskills.cz/product-tag/kine-max-professional-gym-ball-gymnasticky-mic-65cm-ruzovy?yith_wcan=1&product_tag=kine-max-professional-gym-ball-gymnasticky-mic-65cm-ruzovy&product_cat=e-13-stredova-slozeni 
e-13-prevodniky",2025-12-23
"https://bikeskills.cz/product-tag/kine-max-professional-gym-ball-gymnasticky-mic-65cm-ruzovy?yith_wcan=1&product_tag=kine-max-professional-gym-ball-gymnasticky-mic-65cm-ruzovy&product_cat=e-13-stredova-slozeni 
lezyne-gps-gps",2025-12-23
"https://bikeskills.cz/product-tag/kine-max-professional-gym-ball-gymnasticky-mic-65cm-ruzovy?yith_wcan=1&product_tag=kine-max-professional-gym-ball-gymnasticky-mic-65cm-ruzovy&product_cat=e-13-stredova-slozeni 
spank-pedaly",2025-12-23
"https://bikeskills.cz/product-tag/kine-max-professional-gym-ball-gymnasticky-mic-65cm-ruzovy?yith_wcan=1&product_tag=kine-max-professional-gym-ball-gymnasticky-mic-65cm-ruzovy&product_cat=e-13-stredova-slozeni 
podtejpovaci-pasky",2025-12-23
"https://bikeskills.cz/product-tag/kine-max-professional-gym-ball-gymnasticky-mic-65cm-ruzovy?yith_wcan=1&product_tag=kine-max-professional-gym-ball-gymnasticky-mic-65cm-ruzovy&product_cat=e-13-stredova-slozeni 
maloja",2025-12-23
"https://bikeskills.cz/product-tag/kine-max-professional-gym-ball-gymnasticky-mic-65cm-ruzovy?yith_wcan=1&product_tag=kine-max-professional-gym-ball-gymnasticky-mic-65cm-ruzovy&product_cat=e-13-stredova-slozeni 
e-13-rafky-29",2025-12-23
"https://bikeskills.cz/product-tag/kine-max-professional-gym-ball-gymnasticky-mic-65cm-ruzovy?yith_wcan=1&product_tag=kine-max-professional-gym-ball-gymnasticky-mic-65cm-ruzovy&product_cat=e-13-stredova-slozeni 
spank-ventilky",2025-12-23
"https://bikeskills.cz/product-tag/kine-max-professional-gym-ball-gymnasticky-mic-65cm-ruzovy?yith_wcan=1&product_tag=kine-max-professional-gym-ball-gymnasticky-mic-65cm-ruzovy&product_cat=e-13-stredova-slozeni 
lezyne-naradi-tire-levers",2025-12-23
"https://bikeskills.cz/product-tag/kine-max-professional-balance-pad-balancni-cocka-modra?yith_wcan=1&product_tag=kine-max-professional-balance-pad-balancni-cocka-modra&product_cat=spank-naboje 
bikeworkx-brzdove-kapaliny-vidlicove-oleje",2025-12-23
"https://bikeskills.cz/product-tag/kine-max-professional-gym-ball-gymnasticky-mic-65cm-ruzovy?yith_wcan=1&product_tag=kine-max-professional-gym-ball-gymnasticky-mic-65cm-ruzovy&product_cat=e-13-stredova-slozeni 
lezyne-brasny",2025-12-23
"https://bikeskills.cz/product-tag/kine-max-professional-gym-ball-gymnasticky-mic-65cm-ruzovy?yith_wcan=1&product_tag=kine-max-professional-gym-ball-gymnasticky-mic-65cm-ruzovy&product_cat=e-13-stredova-slozeni 
e-13-plaste-27",2025-12-23
"https://bikeskills.cz/product-tag/kine-max-professional-gym-ball-gymnasticky-mic-65cm-ruzovy?yith_wcan=1&product_tag=kine-max-professional-gym-ball-gymnasticky-mic-65cm-ruzovy&product_cat=e-13-stredova-slozeni 
poc-race-stuff",2025-12-23
"https://bikeskills.cz/product-tag/kine-max-professional-gym-ball-gymnasticky-mic-65cm-ruzovy?yith_wcan=1&product_tag=kine-max-professional-gym-ball-gymnasticky-mic-65cm-ruzovy&product_cat=e-13-stredova-slozeni 
e-13-bezdusovy-system-ventilky",2025-12-23
"https://bikeskills.cz/product-tag/kine-max-professional-gym-ball-gymnasticky-mic-65cm-ruzovy?yith_wcan=1&product_tag=kine-max-professional-gym-ball-gymnasticky-mic-65cm-ruzovy&product_cat=e-13-stredova-slozeni 
e-13-bezdusovy-system",2025-12-23
"https://bikeskills.cz/product-tag/kine-max-professional-gym-ball-gymnasticky-mic-65cm-ruzovy?yith_wcan=1&product_tag=kine-max-professional-gym-ball-gymnasticky-mic-65cm-ruzovy&product_cat=e-13-stredova-slozeni 
lezyne-pumpy",2025-12-23
"https://bikeskills.cz/product-tag/kine-max-professional-gym-ball-gymnasticky-mic-65cm-ruzovy?yith_wcan=1&product_tag=kine-max-professional-gym-ball-gymnasticky-mic-65cm-ruzovy&product_cat=e-13-stredova-slozeni 
e-13-teleskopicke-sedlovky-sedlovky",2025-12-23
"https://bikeskills.cz/product-tag/kine-max-professional-gym-ball-gymnasticky-mic-65cm-ruzovy?yith_wcan=1&product_tag=kine-max-professional-gym-ball-gymnasticky-mic-65cm-ruzovy&product_cat=e-13-stredova-slozeni 
bikeworkx-vazeliny",2025-12-23
"https://bikeskills.cz/product-tag/kine-max-professional-gym-ball-gymnasticky-mic-65cm-ruzovy?yith_wcan=1&product_tag=kine-max-professional-gym-ball-gymnasticky-mic-65cm-ruzovy&product_cat=e-13-stredova-slozeni 
dresy-telka",2025-12-23
"https://bikeskills.cz/product-tag/kine-max-professional-gym-ball-gymnasticky-mic-65cm-ruzovy?yith_wcan=1&product_tag=kine-max-professional-gym-ball-gymnasticky-mic-65cm-ruzovy&product_cat=e-13-stredova-slozeni 
lezyne-led-svetla-led-lighting-e-bike",2025-12-23
"https://bikeskills.cz/product-tag/kine-max-professional-gym-ball-gymnasticky-mic-65cm-ruzovy?yith_wcan=1&product_tag=kine-max-professional-gym-ball-gymnasticky-mic-65cm-ruzovy&product_cat=e-13-stredova-slozeni 
bezdusovy-tmel",2025-12-23
"https://bikeskills.cz/product-tag/kine-max-professional-gym-ball-gymnasticky-mic-65cm-ruzovy?yith_wcan=1&product_tag=kine-max-professional-gym-ball-gymnasticky-mic-65cm-ruzovy&product_cat=e-13-stredova-slozeni 
lezyne",2025-12-23
"https://bikeskills.cz/product-tag/kine-max-professional-gym-ball-gymnasticky-mic-65cm-ruzovy?yith_wcan=1&product_tag=kine-max-professional-gym-ball-gymnasticky-mic-65cm-ruzovy&product_cat=e-13-stredova-slozeni 
pedaly",2025-12-23
"https://bikeskills.cz/product-tag/kine-max-professional-gym-ball-gymnasticky-mic-65cm-ruzovy?yith_wcan=1&product_tag=kine-max-professional-gym-ball-gymnasticky-mic-65cm-ruzovy&product_cat=e-13-stredova-slozeni 
plaste",2025-12-23
"https://bikeskills.cz/product-tag/kine-max-professional-gym-ball-gymnasticky-mic-65cm-ruzovy?yith_wcan=1&product_tag=kine-max-professional-gym-ball-gymnasticky-mic-65cm-ruzovy&product_cat=e-13-stredova-slozeni 
poc-obleceni",2025-12-23
"https://bikeskills.cz/product-tag/poc-sweden-ab-http-levelsportkoncept-web-mywac-cz-img-7d7a797c7e7579786d6f7a7e-6b5c5a5a5a5a5c5e625a6260-a20000248086-jpgresize500?yith_wcan=1&product_tag=poc-sweden-ab-http-levelsportkoncept-web-mywac-cz-img-7d7a797c7e7579786d6f7a7e-6b5c5a5a5a5a5c5e625a6260-a20000248086-jpgresize500&product_cat=lezyne-gps 
e-13-kliky spank-naboje-nahradni-dily lezyne-pumpy",2025-12-23
"https://bikeskills.cz/product-tag/poc-sweden-ab-http-levelsportkoncept-web-mywac-cz-img-7d7a797c7e7579786d6f7a7e-6b5c5a5a5a5a5c5e625a6260-a20000248086-jpgresize500?yith_wcan=1&product_tag=poc-sweden-ab-http-levelsportkoncept-web-mywac-cz-img-7d7a797c7e7579786d6f7a7e-6b5c5a5a5a5a5c5e625a6260-a20000248086-jpgresize500&product_cat=lezyne-gps 
e-13-kliky spank-naboje-nahradni-dily posilovaci-gumy-2m",2025-12-23
"https://bikeskills.cz/product-tag/poc-sweden-ab-http-levelsportkoncept-web-mywac-cz-img-7d7a797c7e7579786d6f7a7e-6b5c5a5a5a5a5c5e625a6260-a20000248086-jpgresize500?yith_wcan=1&product_tag=poc-sweden-ab-http-levelsportkoncept-web-mywac-cz-img-7d7a797c7e7579786d6f7a7e-6b5c5a5a5a5a5c5e625a6260-a20000248086-jpgresize500&product_cat=lezyne-gps 
e-13-kliky spank-naboje-nahradni-dily kinesiologicka-classic",2025-12-23
"https://bikeskills.cz/product-tag/tubolitoduse-tubolito-x-tubo-cx-gravel-28-700c-sv60b?yith_wcan=1&product_tag=tubolitoduse-tubolito-x-tubo-cx-gravel-28-700c-sv60b&product_cat=produkty 
masazni-valce",2025-12-23
"https://bikeskills.cz/product-tag/kine-max-neutral-massage-oil?yith_wcan=1&product_tag=kine-max-neutral-massage-oil&product_cat=balancni-cocky 
e-13-napinaky-retezu-trail-enduro",2025-12-23
"https://bikeskills.cz/product-tag/kine-max-professional-gym-ball-gymnasticky-mic-65cm-ruzovy?yith_wcan=1&product_tag=kine-max-professional-gym-ball-gymnasticky-mic-65cm-ruzovy&product_cat=e-13-stredova-slozeni 
masazni-tyce",2025-12-23
"https://bikeskills.cz/product-tag/megasleva?yith_wcan=1&product_tag=megasleva&product_cat=spank-naboje 
bikeworkx",2025-12-23
"https://bikeskills.cz/product-tag/poc-sweden-ab-http-levelsportkoncept-web-mywac-cz-img-7d7a797c7e7579786d6f7a7e-6b5c5a5a5a5a5c5e625a6260-a20000248086-jpgresize500?yith_wcan=1&product_tag=poc-sweden-ab-http-levelsportkoncept-web-mywac-cz-img-7d7a797c7e7579786d6f7a7e-6b5c5a5a5a5a5c5e625a6260-a20000248086-jpgresize500&product_cat=lezyne-gps 
e-13-kliky spank-naboje-nahradni-dily e-13-predstavce",2025-12-23
"https://bikeskills.cz/product-tag/tubolitoduse-tubolito-road-700x18-32c-sv42?yith_wcan=1&product_tag=tubolitoduse-tubolito-road-700x18-32c-sv42&product_cat=spank-naboje 
maloja",2025-12-23
https://bikeskills.cz/produkt/voucher-bikeskills/?attribute_hodnota=1900,2025-12-22
"https://bikeskills.cz/product-tag/poc-sweden-ab-http-levelsportkoncept-web-mywac-cz-img-7d7a797c7e7579786d6f7a7e-6b5c5a5a5a5a5c5e625a6260-a20000248086-jpgresize500?yith_wcan=1&product_tag=poc-sweden-ab-http-levelsportkoncept-web-mywac-cz-img-7d7a797c7e7579786d6f7a7e-6b5c5a5a5a5a5c5e625a6260-a20000248086-jpgresize500&product_cat=lezyne-gps 
e-13-kliky spank-naboje-nahradni-dily bezdusove-ventilky",2025-12-21
"https://bikeskills.cz/product-tag/kine-max-professional-massage-foam-roller-masazni-valec-modry?yith_wcan=1&product_tag=kine-max-professional-massage-foam-roller-masazni-valec-modry&product_cat=supacaz-kosiky 
poc lezyne-led-svetla-led-lighting-e-bike",2025-12-21
"https://bikeskills.cz/product-tag/kine-max-professional-jump-rope-svihadlo?yith_wcan=1&product_tag=kine-max-professional-jump-rope-svihadlo&product_cat=dresy-telka 
smycky-super-loop",2025-12-21
"https://bikeskills.cz/product-tag/kine-max-professional-massage-foam-roller-masazni-valec-modry?yith_wcan=1&product_tag=kine-max-professional-massage-foam-roller-masazni-valec-modry&product_cat=lezyne-naradi-tire-repair 
poc-pocito",2025-12-20
"https://bikeskills.cz/product-tag/kine-max-neutral-massage-oil?yith_wcan=1&product_tag=kine-max-neutral-massage-oil&product_cat=balancni-cocky 
e-13-kazety",2025-12-18
"https://bikeskills.cz/shop-kategorie/bikeskills-produkty?yith_wcan=1&product_cat=bikeskills-produkty 
kalhoty",2025-12-18
https://bikeskills.cz/product-tag/5m-telove?yith_wcan=1&product_tag=5m-telove&product_cat=e-13-naboje,2025-12-18
"https://bikeskills.cz/product-tag/e-13-naboje-predni?yith_wcan=1&product_tag=e-13-naboje-predni&product_cat=dvo-vidlice-29 
poc-obleceni e-13-stredova-slozeni",2025-12-18
"https://bikeskills.cz/product-tag/e-13-naboje-predni?yith_wcan=1&product_tag=e-13-naboje-predni&product_cat=dvo-vidlice-29 
poc-obleceni cube-rental",2025-12-18
"https://bikeskills.cz/product-tag/e-13-naboje-predni?yith_wcan=1&product_tag=e-13-naboje-predni&product_cat=dvo-vidlice-29 
poc-obleceni e-13-pedaly-nahradni-dily",2025-12-17
"https://bikeskills.cz/shop-kategorie/bikeskills-produkty?yith_wcan=1&product_cat=bikeskills-produkty 
maloja",2025-12-17
"https://bikeskills.cz/product-tag/kine-max-neutral-massage-oil?yith_wcan=1&product_tag=kine-max-neutral-massage-oil&product_cat=balancni-cocky 
knihy",2025-11-23
"https://bikeskills.cz/shop-kategorie/spank/spank-naboje/spank-naboje-adaptery?yith_wcan=1&product_cat=spank-naboje-adaptery 
poc-bryle-slunecni",2025-11-17
"https://bikeskills.cz/product-tag/kine-max-professional-gym-ball-gymnasticky-mic-65cm-modry?yith_wcan=1&product_tag=kine-max-professional-gym-ball-gymnasticky-mic-65cm-modry&product_cat=smycky-mini-loop 
spank-sedla",2025-11-14
"https://bikeskills.cz/shop-kategorie/bikeskills-produkty?yith_wcan=1&product_cat=bikeskills-produkty 
mega-sleva-e13",2025-11-14
"https://bikeskills.cz/product-tag/kine-max-professional-gym-ball-gymnasticky-mic-65cm-stribrny?yith_wcan=1&product_tag=kine-max-professional-gym-ball-gymnasticky-mic-65cm-stribrny&product_cat=e-13 
e-13-kazety kalhoty",2025-11-14
https://bikeskills.cz/product-tag/lezyne-usa?yith_wcan=1&product_tag=lezyne-usa&product_cat=e-13-prevodniky-guidering,2025-11-13
https://bikeskills.cz/velikost/m?yith_wcan=1&pa_velikost=m&query_type_velikost=and&filter_velikost=xs&product_cat=lezyne-doplnky-bottle-cages,2025-11-13
https://bikeskills.cz/product-tag/lezyne-usa?yith_wcan=1&product_tag=lezyne-usa&product_cat=dvo-tlumice-vzduchove,2025-11-13
https://bikeskills.cz/velikost/m?yith_wcan=1&pa_velikost=m&product_cat=e-13-naboje-zadni,2025-11-13
https://bikeskills.cz/shop-kategorie/e-13/e-13-kliky/e-13-kliky-nahradni-dily?yith_wcan=1&product_cat=e-13-kliky-nahradni-dily,2025-11-13
"https://bikeskills.cz/velikost/m?yith_wcan=1&pa_velikost=m&product_cat=lezyne-naradi-tire-levers 
balancni-cocky supacaz-doplnky",2025-11-13
"https://bikeskills.cz/shop-kategorie/produkty/cvicebni-mice/overball?yith_wcan=1&product_cat=overball 
cross-tape-krizove-tejpy lezyne-brasny poc-batohy-a-tasky",2025-11-12
"https://bikeskills.cz/product-tag/kine-max-professional-gym-ball-gymnasticky-mic-65cm-modry?yith_wcan=1&product_tag=kine-max-professional-gym-ball-gymnasticky-mic-65cm-modry&product_cat=smycky-mini-loop 
5-dvo-vidlice",2025-11-12
"https://bikeskills.cz/product-tag/lezyne-usa-inc-taiwan-branch-nahradni-dily?yith_wcan=1&product_tag=lezyne-usa-inc-taiwan-branch-nahradni-dily&product_cat=produkty 
hardtail",2025-11-12
"https://bikeskills.cz/shop-kategorie/dvo?yith_wcan=1&product_cat=dvo 
lezyne-co2-inflators",2025-11-12
"https://bikeskills.cz/product-tag/kine-max-pro-hedgehog-massage-ball-masazni-micek-jezek-9cm-modry?yith_wcan=1&product_tag=kine-max-pro-hedgehog-massage-ball-masazni-micek-jezek-9cm-modry&product_cat=lezyne-led-svetla-led-lighting-accessories 
e-13-naboje-zadni",2025-11-12
"https://bikeskills.cz/shop-kategorie/mega-sleva-e13/pedaly?yith_wcan=1&product_cat=pedaly 
dvo-tlumice-vzduchove maloja-zeny",2025-11-11
"https://bikeskills.cz/shop-kategorie/produkty/cvicebni-mice/overball?yith_wcan=1&product_cat=overball 
spank-ventilky",2025-11-11
"https://bikeskills.cz/shop-kategorie/dvo/dvo-nahradni-dily?yith_wcan=1&product_cat=dvo-nahradni-dily 
poc-cyklo",2025-11-11
"https://bikeskills.cz/shop-kategorie/produkty/cvicebni-mice/overball?yith_wcan=1&product_cat=overball 
dvo-vidlice-29",2025-11-11
"https://bikeskills.cz/velikost/m?yith_wcan=1&pa_velikost=m&product_cat=supacaz-doplnky 
e-13-rafky",2025-11-11
"https://bikeskills.cz/product-tag/megasleva?yith_wcan=1&product_tag=megasleva&product_cat=dvo-tlumice-vzduchove 
maloja-zeny",2025-11-11
"https://bikeskills.cz/product-tag/kine-max-pro-hedgehog-massage-ball-masazni-micek-jezek-9cm-modry?yith_wcan=1&product_tag=kine-max-pro-hedgehog-massage-ball-masazni-micek-jezek-9cm-modry&product_cat=lezyne-led-svetla-led-lighting-accessories 
overball",2025-11-11
"https://bikeskills.cz/shop-kategorie/lezyne/lezyne-doplnky/lezyne-doplnky-bottle-cages?yith_wcan=1&product_cat=lezyne-doplnky-bottle-cages 
e-13-napinaky-retezu-dh bikeworkx bezdusove-ventilky",2025-11-11
"https://bikeskills.cz/shop-kategorie/dvo/dvo-nahradni-dily?yith_wcan=1&product_cat=dvo-nahradni-dily 
poc-transit",2025-11-11
"https://bikeskills.cz/shop-kategorie/mega-sleva-e13/pedaly?yith_wcan=1&product_cat=pedaly 
dvo-tlumice-vzduchove dvo-pumpy",2025-11-11
https://bikeskills.cz/product-tag/5m-telove?yith_wcan=1&product_tag=5m-telove&product_cat=knihy,2025-11-11
https://bikeskills.cz/shop/?yith_wcan=1&product_cat=pedaly,2025-11-11
https://bikeskills.cz/shop-kategorie/poc/poc-obleceni/poc-obleceni-doplnky/,2025-11-11
"https://bikeskills.cz/shop-kategorie/e-13/e-13-rafky/e-13-rafky-29?yith_wcan=1&product_cat=e-13-rafky-29 
bikeworkx e-13-riditka",2025-11-11
https://bikeskills.cz/product-tag/kine-max-neutral-massage-oil?yith_wcan=1&product_tag=kine-max-neutral-massage-oil&product_cat=supacaz-gripy,2025-11-10
"https://bikeskills.cz/shop-kategorie/dvo/dvo-tlumice/dvo-tlumice-vzduchove?yith_wcan=1&product_cat=dvo-tlumice-vzduchove 
lezyne-doplnky",2025-11-10
"https://bikeskills.cz/velikost/m?yith_wcan=1&pa_velikost=m&query_type_velikost=and&filter_velikost=s,l&product_cat=spank-rafky-gravel",2025-11-10
"https://bikeskills.cz/shop-kategorie/spank/spank-zapletena-kola?yith_wcan=1&product_cat=spank-zapletena-kola 
lezyne-gps",2025-11-10
"https://bikeskills.cz/shop-kategorie/poc/poc-prilby/poc-prilby-cyklisticke?yith_wcan=1&product_cat=poc-prilby-cyklisticke 
lezyne-doplnky-bicycle-storages",2025-11-10
"https://bikeskills.cz/shop-kategorie/e-13/e-13-rafky/e-13-rafky-29?yith_wcan=1&product_cat=e-13-rafky-29 
bikeworkx poc-obleceni-kalhoty",2025-11-10
"https://bikeskills.cz/shop-kategorie/poc/poc-ski/poc-ski-pocito?yith_wcan=1&product_cat=poc-ski-pocito 
e-13-riditka",2025-11-10
"https://bikeskills.cz/product-tag/kine-max-professional-jump-rope-svihadlo?yith_wcan=1&product_tag=kine-max-professional-jump-rope-svihadlo&product_cat=maloja-zeny 
e-13",2025-11-10
"https://bikeskills.cz/product-tag/kine-max-pro-hedgehog-massage-ball-masazni-micek-jezek-9cm-modry?yith_wcan=1&product_tag=kine-max-pro-hedgehog-massage-ball-masazni-micek-jezek-9cm-modry&product_cat=lezyne-led-svetla-led-lighting-accessories 
tejpovaci-pasky",2025-11-10
"https://bikeskills.cz/shop-kategorie/dvo/dvo-nahradni-dily?yith_wcan=1&product_cat=dvo-nahradni-dily 
e-13-naboje-zadni",2025-11-10
https://bikeskills.cz/product-tag/tubolitoduse-tubolito-s-tubo-road-700x18-32c-sv80b?yith_wcan=1&product_tag=tubolitoduse-tubolito-s-tubo-road-700x18-32c-sv80b&product_cat=tubolito-duse,2025-11-09
"https://bikeskills.cz/product-tag/megasleva?yith_wcan=1&product_tag=megasleva&product_cat=dvo-tlumice-vzduchove 
e-13-prevodniky-e-spec",2025-11-09
"https://bikeskills.cz/shop-kategorie/e-13/e-13-napinaky-retezu/e-13-napinaky-retezu-e-spec?yith_wcan=1&product_cat=e-13-napinaky-retezu-e-spec 
spank-naboje-volnobezky spank-ventilky",2025-11-09
"https://bikeskills.cz/product-tag/kine-max-pro-hedgehog-massage-ball-masazni-micek-jezek-6cm-cerveny?yith_wcan=1&product_tag=kine-max-pro-hedgehog-massage-ball-masazni-micek-jezek-6cm-cerveny&product_cat=rozmer-5cm-x-45m 
e-13-predstavce",2025-11-09
"https://bikeskills.cz/shop-kategorie/dvo/dvo-nahradni-dily?yith_wcan=1&product_cat=dvo-nahradni-dily 
masaz-valce-tyce",2025-11-09
"https://bikeskills.cz/shop-kategorie/e-13/e-13-rafky/e-13-rafky-27?yith_wcan=1&product_cat=e-13-rafky-27 
e-13-prevodniky",2025-11-09
"https://bikeskills.cz/shop-kategorie/e-13/e-13-rafky/e-13-rafky-29?yith_wcan=1&product_cat=e-13-rafky-29 
bikeworkx poc-obleceni",2025-11-09
"https://bikeskills.cz/shop-kategorie/e-13/e-13-rafky/e-13-rafky-27?yith_wcan=1&product_cat=e-13-rafky-27 
poc-race-stuff",2025-11-09
"https://bikeskills.cz/shop-kategorie/e-13/e-13-rafky/e-13-rafky-29?yith_wcan=1&product_cat=e-13-rafky-29 
e-13-prevodniky",2025-11-09
https://bikeskills.cz/velikost/m?yith_wcan=1&pa_velikost=m&query_type_velikost=and&filter_velikost=xl&product_cat=bikeskills-produkty,2025-11-04
"https://bikeskills.cz/product-tag/kine-max-professional-massage-foam-roller-masazni-valec-eva-foam-90cm-modry?yith_wcan=1&product_tag=kine-max-professional-massage-foam-roller-masazni-valec-eva-foam-90cm-modry&product_cat=e-13-pedaly 
poc-bryle-sjezdove lezyne-led-svetla",2025-11-03
"https://bikeskills.cz/product-tag/tubolitoduse-tubolito-tubo-mtb-29-275-sv42?yith_wcan=1&product_tag=tubolitoduse-tubolito-tubo-mtb-29-275-sv42&product_cat=spank-pedaly-nahradni-dily 
e-13-riditka",2025-10-17
"https://bikeskills.cz/product-tag/tubolitoduse-tubolito-road-700x18-32c-sv42?yith_wcan=1&product_tag=tubolitoduse-tubolito-road-700x18-32c-sv42&product_cat=spank-naboje 
produkty",2025-10-13
"https://bikeskills.cz/product-tag/tubolitoduse-tubolito-road-700x18-32c-sv42?yith_wcan=1&product_tag=tubolitoduse-tubolito-road-700x18-32c-sv42&product_cat=spank-naboje 
lezyne",2025-10-11
https://bikeskills.cz/shop-kategorie/produkty/masazni-oleje?yith_wcan=1&product_cat=bikeworkx,2025-10-02
https://bikeskills.cz/shop-kategorie/poc/poc-ski/poc-ski-bryle/,2025-09-28
"https://bikeskills.cz/velikost/m?yith_wcan=1&pa_velikost=m&query_type_velikost=and&filter_velikost=s,xs,l&product_cat=spank-pedaly-nahradni-dily",2025-09-13
"https://bikeskills.cz/product-tag/kine-max-professional-jump-rope-svihadlo?yith_wcan=1&product_tag=kine-max-professional-jump-rope-svihadlo&product_cat=dresy-telka 
svihadla-ostatni",2025-09-06
"https://bikeskills.cz/velikost/m?yith_wcan=1&pa_velikost=m&query_type_velikost=and&filter_velikost=s,xs,l&product_cat=e-13-kliky-mtb-gravel",2025-09-02
"https://bikeskills.cz/product-tag/lezyne-led-svetla-led-lighting-e-bike?yith_wcan=1&product_tag=lezyne-led-svetla-led-lighting-e-bike&product_cat=spank-pedaly-nahradni-dily 
dvo-vidlice-29",2025-08-30
"https://bikeskills.cz/product-tag/tubolitoduse-tubolito-road-700x18-32c-sv42?yith_wcan=1&product_tag=tubolitoduse-tubolito-road-700x18-32c-sv42&product_cat=spank-naboje 
e-13-bezdusovy-system-ventilky",2025-08-13
"https://bikeskills.cz/product-tag/kine-max-neutral-massage-oil?yith_wcan=1&product_tag=kine-max-neutral-massage-oil&product_cat=balancni-cocky 
poc-prilby",2025-08-05
"https://bikeskills.cz/product-tag/kine-max-professional-massage-foam-roller-masazni-valec-modry?yith_wcan=1&product_tag=kine-max-professional-massage-foam-roller-masazni-valec-modry&product_cat=e-13 
knihy overball",2025-07-31
"https://bikeskills.cz/product-tag/kine-max-professional-massage-foam-roller-masazni-valec-modry?yith_wcan=1&product_tag=kine-max-professional-massage-foam-roller-masazni-valec-modry&product_cat=e-13 
knihy dresy-telka",2025-07-30
"https://bikeskills.cz/product-tag/lezyne-usa-inc-taiwan-branch-http-levelsportkoncept-web-mywac-cz-img-7d7a797c7e7579786d6f7a7e-6b5c5a5a5a5a5b5a5a606063-a20000100669-jpgresize500?yith_wcan=1&product_tag=lezyne-usa-inc-taiwan-branch-http-levelsportkoncept-web-mywac-cz-img-7d7a797c7e7579786d6f7a7e-6b5c5a5a5a5a5b5a5a606063-a20000100669-jpgresize500&product_cat=spank-naboje-nahradni-dily 
supacaz-doplnky kalhoty",2025-07-29
"https://bikeskills.cz/product-tag/poc-sweden-ab-bryle?yith_wcan=1&product_tag=poc-sweden-ab-bryle&product_cat=smycky-super-loop 
ostatni",2025-07-28
"https://bikeskills.cz/product-tag/kine-max-professional-gym-ball-gymnasticky-mic-65cm-modry?yith_wcan=1&product_tag=kine-max-professional-gym-ball-gymnasticky-mic-65cm-modry&product_cat=smycky-mini-loop 
masazni-tyce",2025-07-28
"https://bikeskills.cz/product-tag/kine-max-professional-gym-ball-gymnasticky-mic-65cm-ruzovy?yith_wcan=1&product_tag=kine-max-professional-gym-ball-gymnasticky-mic-65cm-ruzovy&product_cat=poc-race-stuff 
spank-rafky-mtb",2025-07-28
"https://bikeskills.cz/product-tag/kine-max-professional-gym-ball-gymnasticky-mic-65cm-ruzovy?yith_wcan=1&product_tag=kine-max-professional-gym-ball-gymnasticky-mic-65cm-ruzovy&product_cat=poc-race-stuff 
dvo-pruziny",2025-07-28
"https://bikeskills.cz/product-tag/kine-max-professional-gym-ball-gymnasticky-mic-65cm-ruzovy?yith_wcan=1&product_tag=kine-max-professional-gym-ball-gymnasticky-mic-65cm-ruzovy&product_cat=poc-race-stuff 
dvo-vidlice-27",2025-07-28
"https://bikeskills.cz/velikost/m?yith_wcan=1&pa_velikost=m&product_cat=lezyne-naradi-tire-levers 
dvo",2025-07-28
"https://bikeskills.cz/product-tag/kine-max-professional-massage-foam-roller-masazni-valec-modry?yith_wcan=1&product_tag=kine-max-professional-massage-foam-roller-masazni-valec-modry&product_cat=e-13 
knihy supacaz",2025-07-28
"https://bikeskills.cz/product-tag/kine-max-professional-gym-ball-gymnasticky-mic-65cm-ruzovy?yith_wcan=1&product_tag=kine-max-professional-gym-ball-gymnasticky-mic-65cm-ruzovy&product_cat=poc-race-stuff 
poc-prilby",2025-07-28
"https://bikeskills.cz/product-tag/kine-max-professional-gym-ball-gymnasticky-mic-65cm-ruzovy?yith_wcan=1&product_tag=kine-max-professional-gym-ball-gymnasticky-mic-65cm-ruzovy&product_cat=poc-race-stuff 
rozmer-5cm-x-45m",2025-07-28
"https://bikeskills.cz/product-tag/kine-max-professional-gym-ball-gymnasticky-mic-65cm-ruzovy?yith_wcan=1&product_tag=kine-max-professional-gym-ball-gymnasticky-mic-65cm-ruzovy&product_cat=poc-race-stuff 
supacaz-omotavky",2025-07-27
"https://bikeskills.cz/product-tag/kine-max-professional-jump-rope-svihadlo?yith_wcan=1&product_tag=kine-max-professional-jump-rope-svihadlo&product_cat=dresy-telka 
lezyne-co2-inflators",2025-07-10
"https://bikeskills.cz/product-tag/kine-max-professional-jump-rope-svihadlo?yith_wcan=1&product_tag=kine-max-professional-jump-rope-svihadlo&product_cat=dresy-telka 
e-13-pedaly",2025-07-10
https://bikeskills.cz/product-tag/tubolitoduse-tubolito-cx-gravel-sv60?yith_wcan=1&product_tag=tubolitoduse-tubolito-cx-gravel-sv60&product_cat=maloja,2025-07-09
"https://bikeskills.cz/product-tag/kine-max-professional-jump-rope-svihadlo?yith_wcan=1&product_tag=kine-max-professional-jump-rope-svihadlo&product_cat=dresy-telka 
poc-batohy-a-tasky",2025-07-03
"https://bikeskills.cz/product-tag/kine-max-professional-jump-rope-svihadlo?yith_wcan=1&product_tag=kine-max-professional-jump-rope-svihadlo&product_cat=dresy-telka 
poc-pocito",2025-07-01
"https://bikeskills.cz/product-tag/kine-max-professional-jump-rope-svihadlo?yith_wcan=1&product_tag=kine-max-professional-jump-rope-svihadlo&product_cat=dresy-telka 
spank-naboje-zadni",2025-07-01
"https://bikeskills.cz/product-tag/kine-max-professional-jump-rope-svihadlo?yith_wcan=1&product_tag=kine-max-professional-jump-rope-svihadlo&product_cat=dresy-telka 
spank-naboje-predni",2025-07-01
"https://bikeskills.cz/product-tag/kine-max-professional-jump-rope-svihadlo?yith_wcan=1&product_tag=kine-max-professional-jump-rope-svihadlo&product_cat=dresy-telka 
lezyne",2025-07-01
"https://bikeskills.cz/product-tag/kine-max-professional-jump-rope-svihadlo?yith_wcan=1&product_tag=kine-max-professional-jump-rope-svihadlo&product_cat=dresy-telka 
lezyne-naradi",2025-06-30
"https://bikeskills.cz/product-tag/kine-max-professional-jump-rope-svihadlo?yith_wcan=1&product_tag=kine-max-professional-jump-rope-svihadlo&product_cat=dresy-telka 
spank-riditka-mtb",2025-06-29
"https://bikeskills.cz/product-tag/megasleva?yith_wcan=1&product_tag=megasleva&product_cat=spank-naboje 
spank-gripy",2025-06-25
https://bikeskills.cz/shop-kategorie/spank/spank-pedaly/,2025-06-22
"https://bikeskills.cz/shop-kategorie/produkty/masaz-valce-tyce/masazni-tyce?yith_wcan=1&product_cat=masazni-tyce 
e-13-kazety-plus e-13-riditka",2025-06-21
"https://bikeskills.cz/product-tag/poc-sweden-ab-http-levelsportkoncept-web-mywac-cz-img-7d7a797c7e7579786d6f7a7e-6b5c5a5a5a5a5c5e625a6260-a20000248086-jpgresize500?yith_wcan=1&product_tag=poc-sweden-ab-http-levelsportkoncept-web-mywac-cz-img-7d7a797c7e7579786d6f7a7e-6b5c5a5a5a5a5c5e625a6260-a20000248086-jpgresize500&product_cat=lezyne-gps 
e-13-kliky lezyne-doplnky-bells 5",2025-06-21
"https://bikeskills.cz/product-tag/poc-sweden-ab-http-levelsportkoncept-web-mywac-cz-img-7d7a797c7e7579786d6f7a7e-6b5c5a5a5a5a5c5e625a6260-a20000248086-jpgresize500?yith_wcan=1&product_tag=poc-sweden-ab-http-levelsportkoncept-web-mywac-cz-img-7d7a797c7e7579786d6f7a7e-6b5c5a5a5a5a5c5e625a6260-a20000248086-jpgresize500&product_cat=lezyne-gps 
supacaz-textil supacaz-kosiky",2025-06-20
"https://bikeskills.cz/product-tag/kine-max-tejpovaci-nuzky?yith_wcan=1&product_tag=kine-max-tejpovaci-nuzky&product_cat=spank-naboje 
kinesiologicka-classic spank-riditka-mtb",2025-06-20
"https://bikeskills.cz/product-tag/kine-max-professional-super-loop-resistance-band-kit-set-posilovacich-gum-5ks-extra-lehka-az-extra-tezka?yith_wcan=1&product_tag=kine-max-professional-super-loop-resistance-band-kit-set-posilovacich-gum-5ks-extra-lehka-az-extra-tezka&product_cat=cyklisticke-obleceni 
e-13-teleskopicke-sedlovky-sedlovky 5-e-13-zapletena-kola lezyne 
supacaz-rukavice masazni-valce e-13-plaste-29 e-13-stredova-slozeni 
dvo-pruziny spank-zapletena-kola-zadni supacaz-omotavky maloja-leto 
lezyne-gps-accessories e-13-zapletena-kola gymball lezyne-naradi",2025-06-20
"https://bikeskills.cz/product-tag/kine-max-tejpovaci-nuzky?yith_wcan=1&product_tag=kine-max-tejpovaci-nuzky&product_cat=spank-naboje 
kinesiologicka-classic 5-e-13-plaste",2025-06-20
"https://bikeskills.cz/shop-kategorie/lezyne?yith_wcan=1&product_cat=lezyne 
spank-riditka-mtb poc-prilby-snow overball",2025-06-20
"https://bikeskills.cz/product-tag/poc-sweden-ab-http-levelsportkoncept-web-mywac-cz-img-7d7a797c7e7579786d6f7a7e-6b5c5a5a5a5a5c5e625a6260-a20000248086-jpgresize500?yith_wcan=1&product_tag=poc-sweden-ab-http-levelsportkoncept-web-mywac-cz-img-7d7a797c7e7579786d6f7a7e-6b5c5a5a5a5a5c5e625a6260-a20000248086-jpgresize500&product_cat=masazni-dvojmicky 
lezyne-doplnky-bicycle-storages supacaz-lahve",2025-06-20
"https://bikeskills.cz/product-tag/kine-max-professional-super-loop-resistance-band-kit-set-posilovacich-gum-5ks-extra-lehka-az-extra-tezka?yith_wcan=1&product_tag=kine-max-professional-super-loop-resistance-band-kit-set-posilovacich-gum-5ks-extra-lehka-az-extra-tezka&product_cat=cyklisticke-obleceni 
e-13-teleskopicke-sedlovky-sedlovky 5-e-13-zapletena-kola lezyne 
supacaz-rukavice masazni-valce e-13-plaste-29 e-13-stredova-slozeni 
dvo-pruziny spank-zapletena-kola-zadni supacaz-omotavky maloja-leto 
lezyne-gps-accessories e-13-zapletena-kola gymball dvo",2025-06-20
"https://bikeskills.cz/product-tag/poc-sweden-ab-http-levelsportkoncept-web-mywac-cz-img-7d7a797c7e7579786d6f7a7e-6b5c5a5a5a5a5c5e625a6260-a20000248086-jpgresize500?yith_wcan=1&product_tag=poc-sweden-ab-http-levelsportkoncept-web-mywac-cz-img-7d7a797c7e7579786d6f7a7e-6b5c5a5a5a5a5c5e625a6260-a20000248086-jpgresize500&product_cat=lezyne-gps 
supacaz-textil dvo-pruziny-ls-spring",2025-06-20
"https://bikeskills.cz/product-tag/kine-max-professional-super-loop-resistance-band-kit-set-posilovacich-gum-5ks-extra-lehka-az-extra-tezka?yith_wcan=1&product_tag=kine-max-professional-super-loop-resistance-band-kit-set-posilovacich-gum-5ks-extra-lehka-az-extra-tezka&product_cat=cyklisticke-obleceni 
e-13-teleskopicke-sedlovky-sedlovky 5-e-13-zapletena-kola lezyne 
supacaz-rukavice masazni-valce e-13-plaste-29 e-13-stredova-slozeni 
dvo-pruziny spank-zapletena-kola-zadni supacaz-omotavky maloja-leto 
lezyne-gps-accessories e-13-zapletena-kola gymball pedaly",2025-06-20
"https://bikeskills.cz/product-tag/kine-max-professional-super-loop-resistance-band-kit-set-posilovacich-gum-5ks-extra-lehka-az-extra-tezka?yith_wcan=1&product_tag=kine-max-professional-super-loop-resistance-band-kit-set-posilovacich-gum-5ks-extra-lehka-az-extra-tezka&product_cat=cyklisticke-obleceni 
e-13-teleskopicke-sedlovky-sedlovky 5-e-13-zapletena-kola lezyne 
supacaz-rukavice masazni-valce e-13-plaste-29 e-13-stredova-slozeni 
dvo-pruziny spank-zapletena-kola-zadni supacaz-omotavky maloja-leto 
lezyne-gps-accessories e-13-zapletena-kola gymball lezyne-brasny",2025-06-20
"https://bikeskills.cz/product-tag/kine-max-professional-super-loop-resistance-band-kit-set-posilovacich-gum-5ks-extra-lehka-az-extra-tezka?yith_wcan=1&product_tag=kine-max-professional-super-loop-resistance-band-kit-set-posilovacich-gum-5ks-extra-lehka-az-extra-tezka&product_cat=cyklisticke-obleceni 
e-13-teleskopicke-sedlovky-sedlovky 5-e-13-zapletena-kola lezyne 
supacaz-rukavice masazni-valce e-13-plaste-29 e-13-stredova-slozeni 
dvo-pruziny spank-zapletena-kola-zadni supacaz-omotavky maloja-leto 
lezyne-gps-accessories e-13-zapletena-kola gymball masazni-tyce",2025-06-20
"https://bikeskills.cz/product-tag/kine-max-neutral-massage-oil?yith_wcan=1&product_tag=kine-max-neutral-massage-oil&product_cat=balancni-cocky 
e-13-rafky",2025-06-17
"https://bikeskills.cz/product-tag/kine-max-neutral-massage-oil?yith_wcan=1&product_tag=kine-max-neutral-massage-oil&product_cat=balancni-cocky 
maloja",2025-06-16
"https://bikeskills.cz/product-tag/kine-max-neutral-massage-oil?yith_wcan=1&product_tag=kine-max-neutral-massage-oil&product_cat=balancni-cocky 
supacaz",2025-06-16
"https://bikeskills.cz/product-tag/kine-max-neutral-massage-oil?yith_wcan=1&product_tag=kine-max-neutral-massage-oil&product_cat=balancni-cocky 
dvo-pruziny",2025-06-16
"https://bikeskills.cz/product-tag/kine-max-tejpovaci-nuzky?yith_wcan=1&product_tag=kine-max-tejpovaci-nuzky&product_cat=spank-naboje 
kinesiologicka-classic poc-prilby",2025-06-13
https://bikeskills.cz/shop-kategorie/dvo?yith_wcan=1&product_cat=dvo&query_type_velikost=and&filter_velikost=24,2025-06-11
"https://bikeskills.cz/shop-kategorie/dvo?yith_wcan=1&product_cat=dvo 
hardtail",2025-06-05
"https://bikeskills.cz/shop-kategorie/dvo?yith_wcan=1&product_cat=dvo 
kalhoty-volnocasove-obleceni",2025-06-03
"https://bikeskills.cz/shop-kategorie/dvo?yith_wcan=1&product_cat=dvo 
bikeworkx-cistidla-lestenky",2025-06-02
"https://bikeskills.cz/shop-kategorie/dvo?yith_wcan=1&product_cat=dvo 
e-13-zapletena-kola",2025-06-02
"https://bikeskills.cz/product-tag/kine-max-professional-gym-ball-gymnasticky-mic-65cm-modry?yith_wcan=1&product_tag=kine-max-professional-gym-ball-gymnasticky-mic-65cm-modry&product_cat=smycky-mini-loop 
nuzky-ostatni",2025-06-02
https://bikeskills.cz/shop-kategorie/dvo?yith_wcan=1&product_cat=dvo&query_type_velikost=and&filter_velikost=l,2025-05-31
"https://bikeskills.cz/shop-kategorie/mega-sleva-e13/pedaly?yith_wcan=1&product_cat=pedaly 
dvo-tlumice-vzduchove e-13-kazety",2025-05-29
"https://bikeskills.cz/shop-kategorie/spank?yith_wcan=1&product_cat=spank 
mega-sleva-e13",2025-05-29
"https://bikeskills.cz/shop-kategorie/spank?yith_wcan=1&product_cat=spank 
dresy-telka",2025-05-29
"https://bikeskills.cz/shop-kategorie/dvo?yith_wcan=1&product_cat=dvo 
bikeskills-produkty",2025-05-28
"https://bikeskills.cz/shop-kategorie/spank?yith_wcan=1&product_cat=spank 
maloja-zeny",2025-05-28
"https://bikeskills.cz/shop-kategorie/mega-sleva-e13/pedaly?yith_wcan=1&product_cat=pedaly 
dvo-tlumice-vzduchove e-13-plaste",2025-05-28
"https://bikeskills.cz/shop/?yith_wcan=1&product_cat=kalhoty 
e-13-kliky-nahradni-dily&query_type_velikost=and&filter_velikost=s",2025-05-19
"https://bikeskills.cz/velikost/m?yith_wcan=1&pa_velikost=m&product_cat=lezyne-naradi-tire-levers 
balancni-cocky e-13-plaste-29",2025-05-19
https://bikeskills.cz/product-tag/tubolitoduse-tubolito-x-tubo-cx-gravel-28-700c-sv60b?yith_wcan=1&product_tag=tubolitoduse-tubolito-x-tubo-cx-gravel-28-700c-sv60b&product_cat=dvo-pruziny,2025-05-01
https://bikeskills.cz/product-tag/lezyne-usa?yith_wcan=1&product_tag=lezyne-usa&product_cat=maloja,2025-04-25
"https://bikeskills.cz/product-tag/poc-sweden-ab-http-levelsportkoncept-web-mywac-cz-img-7d7a797c7e7579786d6f7a7e-6b5c5a5a5a5a5c5e625a6260-a20000248086-jpgresize500?yith_wcan=1&product_tag=poc-sweden-ab-http-levelsportkoncept-web-mywac-cz-img-7d7a797c7e7579786d6f7a7e-6b5c5a5a5a5a5c5e625a6260-a20000248086-jpgresize500&product_cat=masazni-dvojmicky 
e-13-pedaly e-13-napinaky-retezu-trail-enduro",2025-04-21
https://bikeskills.cz/product-tag/5m-telove?yith_wcan=1&product_tag=5m-telove&product_cat=lezyne-pumpy,2025-04-17
"https://bikeskills.cz/shop-kategorie/spank?yith_wcan=1&product_cat=spank 
dvo-top-work-mat bikeworkx-lepeni-pneu-prevence",2025-04-10
"https://bikeskills.cz/shop-kategorie/lezyne-svetla?yith_wcan=1&product_cat=lezyne-svetla 
e-13",2025-04-09
https://bikeskills.cz/shop-kategorie/e-13/e-13-napinaky-retezu/e-13-napinaky-retezu-trail-enduro?yith_wcan=1&product_cat=e-13-napinaky-retezu-trail-enduro&query_type_velikost=and&filter_velikost=s,2025-04-07
"https://bikeskills.cz/product-tag/poc-sweden-ab-bryle?yith_wcan=1&product_tag=poc-sweden-ab-bryle&product_cat=spank-rafky-mtb 
spank e-13-kazety-plus",2025-04-05
"https://bikeskills.cz/shop-kategorie/e-13/e-13-kliky?yith_wcan=1&product_cat=e-13-kliky 
dvo-vidlice",2025-04-04
"https://bikeskills.cz/product-tag/poc-sweden-ab-http-levelsportkoncept-web-mywac-cz-img-7d7a797c7e7579786d6f7a7e-6b5c5a5a5a5a5c5e625a6260-a20000248086-jpgresize500?yith_wcan=1&product_tag=poc-sweden-ab-http-levelsportkoncept-web-mywac-cz-img-7d7a797c7e7579786d6f7a7e-6b5c5a5a5a5a5c5e625a6260-a20000248086-jpgresize500&product_cat=masazni-dvojmicky 
e-13-pedaly bikeworkx-prislusenstvi",2025-04-04
"https://bikeskills.cz/product-tag/poc-sweden-ab-http-levelsportkoncept-web-mywac-cz-img-7d7a797c7e7579786d6f7a7e-6b5c5a5a5a5a5c5e625a6260-a20000248086-jpgresize500?yith_wcan=1&product_tag=poc-sweden-ab-http-levelsportkoncept-web-mywac-cz-img-7d7a797c7e7579786d6f7a7e-6b5c5a5a5a5a5c5e625a6260-a20000248086-jpgresize500&product_cat=masazni-dvojmicky 
e-13-pedaly knihy smycky-mini-loop",2025-04-04
https://bikeskills.cz/shop-kategorie/e-13/e-13-napinaky-retezu/e-13-napinaky-retezu-trail-enduro?yith_wcan=1&product_cat=e-13-napinaky-retezu-trail-enduro&query_type_velikost=and&filter_velikost=xl,2025-04-04
https://bikeskills.cz/product-tag/tubolitoduse-tubolito-s-tubo-cx-gravel-700x32-50c-sv60?yith_wcan=1&product_tag=tubolitoduse-tubolito-s-tubo-cx-gravel-700x32-50c-sv60&product_cat=samofix-obinadla,2025-04-03
"https://bikeskills.cz/product-tag/poc-sweden-ab-http-levelsportkoncept-web-mywac-cz-img-7d7a797c7e7579786d6f7a7e-6b5c5a5a5a5a5c5e625a6260-a20000248086-jpgresize500?yith_wcan=1&product_tag=poc-sweden-ab-http-levelsportkoncept-web-mywac-cz-img-7d7a797c7e7579786d6f7a7e-6b5c5a5a5a5a5c5e625a6260-a20000248086-jpgresize500&product_cat=masazni-dvojmicky 
e-13-teleskopicke-sedlovky-sedlovky",2025-04-03
"https://bikeskills.cz/shop-kategorie/spank/spank-naboje/spank-naboje-nahradni-dily-hex?yith_wcan=1&product_cat=spank-naboje-nahradni-dily-hex 
e-13-naboje-zadni",2025-04-03
"https://bikeskills.cz/product-tag/poc-sweden-ab-http-levelsportkoncept-web-mywac-cz-img-7d7a797c7e7579786d6f7a7e-6b5c5a5a5a5a5c5e625a6260-a20000248086-jpgresize500?yith_wcan=1&product_tag=poc-sweden-ab-http-levelsportkoncept-web-mywac-cz-img-7d7a797c7e7579786d6f7a7e-6b5c5a5a5a5a5c5e625a6260-a20000248086-jpgresize500&product_cat=masazni-dvojmicky 
e-13-pedaly e-13-predstavce-50mm",2025-04-03
https://bikeskills.cz/product-tag/5m-telove?yith_wcan=1&product_tag=5m-telove&product_cat=smycky-mini-loop,2025-04-02
"https://bikeskills.cz/product-tag/poc-sweden-ab-bryle?yith_wcan=1&product_tag=poc-sweden-ab-bryle&product_cat=smycky-super-loop 
dvo kalhoty",2025-04-02
"https://bikeskills.cz/product-tag/poc-sweden-ab-http-levelsportkoncept-web-mywac-cz-img-7d7a797c7e7579786d6f7a7e-6b5c5a5a5a5a5c5e625a6260-a20000248086-jpgresize500?yith_wcan=1&product_tag=poc-sweden-ab-http-levelsportkoncept-web-mywac-cz-img-7d7a797c7e7579786d6f7a7e-6b5c5a5a5a5a5c5e625a6260-a20000248086-jpgresize500&product_cat=masazni-dvojmicky 
e-13-pedaly balancni-podlozky dvo",2025-04-02
"https://bikeskills.cz/shop-kategorie/e-13/e-13-zapletena-kola/e-13-zapletena-kola-29?yith_wcan=1&product_cat=e-13-zapletena-kola-29 
masazni-oleje",2025-03-29
"https://bikeskills.cz/product-tag/kine-max-tejpovaci-nuzky?yith_wcan=1&product_tag=kine-max-tejpovaci-nuzky&product_cat=spank-naboje 
kinesiologicka-classic spank-riditka-gravel",2025-03-26
"https://bikeskills.cz/product-tag/kine-max-tejpovaci-nuzky?yith_wcan=1&product_tag=kine-max-tejpovaci-nuzky&product_cat=spank-naboje 
kinesiologicka-classic smycky-mini-loop",2025-03-24
"https://bikeskills.cz/product-tag/kine-max-tejpovaci-nuzky?yith_wcan=1&product_tag=kine-max-tejpovaci-nuzky&product_cat=spank-naboje 
kinesiologicka-classic masazni-dvojmicky",2025-03-24
https://bikeskills.cz/product-tag/lezyne-usa?yith_wcan=1&product_tag=lezyne-usa&product_cat=masazni-oleje,2025-03-18
"https://bikeskills.cz/product-tag/kine-max-tejpovaci-nuzky?yith_wcan=1&product_tag=kine-max-tejpovaci-nuzky&product_cat=spank-naboje 
kinesiologicka-classic tejpovaci-pasky",2025-03-04
https://bikeskills.cz/product-tag/5m-telove?yith_wcan=1&product_tag=5m-telove&product_cat=dresy-telka,2025-03-03
"https://bikeskills.cz/product-tag/kine-max-pro-hedgehog-massage-ball-masazni-micek-jezek-6cm-cerveny?yith_wcan=1&product_tag=kine-max-pro-hedgehog-massage-ball-masazni-micek-jezek-6cm-cerveny&product_cat=rozmer-5cm-x-45m 
dvo-vidlice-27",2025-02-14
"https://bikeskills.cz/product-tag/poc-sweden-ab-bryle?yith_wcan=1&product_tag=poc-sweden-ab-bryle&product_cat=dvo-tlumice 
nuzky-ostatni",2025-02-14
"https://bikeskills.cz/product-tag/lezyne-usa-inc-taiwan-branch-http-levelsportkoncept-web-mywac-cz-img-7d7a797c7e7579786d6f7a7e-6b5c5a5a5a5a5b5a5a606063-a20000100669-jpgresize500?yith_wcan=1&product_tag=lezyne-usa-inc-taiwan-branch-http-levelsportkoncept-web-mywac-cz-img-7d7a797c7e7579786d6f7a7e-6b5c5a5a5a5a5b5a5a606063-a20000100669-jpgresize500&product_cat=spank-naboje-nahradni-dily 
supacaz-doplnky gymball",2025-02-12
"https://bikeskills.cz/product-tag/poc-sweden-ab-bryle?yith_wcan=1&product_tag=poc-sweden-ab-bryle&product_cat=dvo-tlumice 
lezyne rozmer-5cm-x-45m",2025-02-12
"https://bikeskills.cz/product-tag/poc-sweden-ab-bryle?yith_wcan=1&product_tag=poc-sweden-ab-bryle&product_cat=smycky-super-loop 
spank-naboje-predni",2025-02-12
"https://bikeskills.cz/product-tag/poc-sweden-ab-bryle?yith_wcan=1&product_tag=poc-sweden-ab-bryle&product_cat=smycky-super-loop 
e-13-kliky",2025-02-11
"https://bikeskills.cz/product-tag/poc-sweden-ab-bryle?yith_wcan=1&product_tag=poc-sweden-ab-bryle&product_cat=smycky-super-loop 
fullsuspension",2025-02-11
"https://bikeskills.cz/product-tag/poc-sweden-ab-bryle?yith_wcan=1&product_tag=poc-sweden-ab-bryle&product_cat=smycky-super-loop 
spank-rafkove-pasky",2025-02-11
"https://bikeskills.cz/product-tag/poc-sweden-ab-bryle?yith_wcan=1&product_tag=poc-sweden-ab-bryle&product_cat=dvo-tlumice 
e-13-naboje-zadni",2025-02-11
"https://bikeskills.cz/product-tag/poc-sweden-ab-bryle?yith_wcan=1&product_tag=poc-sweden-ab-bryle&product_cat=dvo-tlumice 
dvo-vidlice-27 pedaly",2025-02-11
"https://bikeskills.cz/shop-kategorie/e-13/e-13-teleskopicke-sedlovky/e-13-teleskopicke-sedlovky-nahradni-dily?yith_wcan=1&product_cat=e-13-teleskopicke-sedlovky-nahradni-dily 
bikeworkx-prislusenstvi",2025-02-10
"https://bikeskills.cz/product-tag/poc-sweden-ab-bryle?yith_wcan=1&product_tag=poc-sweden-ab-bryle&product_cat=smycky-super-loop 
hardtail",2025-02-10
"https://bikeskills.cz/product-tag/poc-sweden-ab-bryle?yith_wcan=1&product_tag=poc-sweden-ab-bryle&product_cat=dvo-tlumice 
supacaz-rukavice",2025-02-10
"https://bikeskills.cz/product-tag/poc-sweden-ab-bryle?yith_wcan=1&product_tag=poc-sweden-ab-bryle&product_cat=dvo-tlumice 
spank-rafky-gravel",2025-02-10
"https://bikeskills.cz/product-tag/poc-sweden-ab-bryle?yith_wcan=1&product_tag=poc-sweden-ab-bryle&product_cat=smycky-super-loop 
knihy",2025-02-10
"https://bikeskills.cz/shop-kategorie/spank/spank-naboje/spank-naboje-nahradni-dily-hex?yith_wcan=1&product_cat=spank-naboje-nahradni-dily-hex 
e-13",2025-02-10
"https://bikeskills.cz/product-tag/kine-max-pro-hedgehog-massage-ball-masazni-micek-jezek-6cm-cerveny?yith_wcan=1&product_tag=kine-max-pro-hedgehog-massage-ball-masazni-micek-jezek-6cm-cerveny&product_cat=rozmer-5cm-x-45m 
knihy",2025-02-09
"https://bikeskills.cz/shop-kategorie/spank/spank-naboje/spank-naboje-nahradni-dily-hex?yith_wcan=1&product_cat=spank-naboje-nahradni-dily-hex 
kinesiologicka-classic",2025-02-08
"https://bikeskills.cz/shop-kategorie/spank/spank-naboje/spank-naboje-nahradni-dily-hex?yith_wcan=1&product_cat=spank-naboje-nahradni-dily-hex 
maloja-leto",2025-02-08
"https://bikeskills.cz/shop-kategorie/spank/spank-naboje/spank-naboje-nahradni-dily-hex?yith_wcan=1&product_cat=spank-naboje-nahradni-dily-hex 
dvo-nahradni-dily",2025-02-08
"https://bikeskills.cz/shop-kategorie/produkty/masaz-valce-tyce/masazni-tyce?yith_wcan=1&product_cat=masazni-tyce 
e-13-kazety-plus poc",2025-02-08
https://bikeskills.cz/product-tag/tubolitoduse-tubolito-cx-gravel-700x32-50c-sv60?yith_wcan=1&product_tag=tubolitoduse-tubolito-cx-gravel-700x32-50c-sv60&query_type_velikost=and&filter_velikost=28&product_cat=bikeworkx-prislusenstvi,2025-02-07
"https://bikeskills.cz/shop-kategorie/produkty/masazni-oleje?yith_wcan=1&product_cat=masazni-oleje 
smycky-super-loop bikeworkx-pasty",2025-02-01
"https://bikeskills.cz/product-tag/kine-max-pro-hedgehog-massage-ball-masazni-micek-jezek-6cm-cerveny?yith_wcan=1&product_tag=kine-max-pro-hedgehog-massage-ball-masazni-micek-jezek-6cm-cerveny&product_cat=rozmer-5cm-x-45m 
spank-naboje-zadni",2025-01-22
"https://bikeskills.cz/shop-kategorie/produkty/masazni-oleje?yith_wcan=1&product_cat=masazni-oleje 
spank-gripy maloja e-13-kliky-e-spec",2025-01-21
"https://bikeskills.cz/velikost/m?yith_wcan=1&pa_velikost=m&query_type_velikost=and&filter_velikost=s,xs,l&product_cat=e-13-riditka",2025-01-19
https://bikeskills.cz/product-tag/kine-max-professional-overball-cvicebni-mic-25cm-stribrny?yith_wcan=1&product_cat=overball,2025-01-19
"https://bikeskills.cz/product-tag/megasleva?yith_wcan=1&product_tag=megasleva&product_cat=tejpovaci-pasky 
spank-zapletena-kola-zadni",2025-01-18
"https://bikeskills.cz/product-tag/megasleva?yith_wcan=1&product_tag=megasleva&product_cat=tejpovaci-pasky 
lezyne-led-svetla-led-lighting",2025-01-18
https://bikeskills.cz/shop-kategorie/maloja?yith_wcan=1&product_cat=maloja&query_type_velikost=and&filter_velikost=2932,2025-01-17
https://bikeskills.cz/product-tag/5m-telove?yith_wcan=1&product_tag=5m-telove&product_cat=maloja,2025-01-14
"https://bikeskills.cz/product-tag/tubolitoduse-tubolito-tubo-mtb-29-275-sv42?yith_wcan=1&product_tag=tubolitoduse-tubolito-tubo-mtb-29-275-sv42&product_cat=spank-pedaly-nahradni-dily 
maloja-leto",2025-01-13
"https://bikeskills.cz/product-tag/tubolitoduse-tubolito-tubo-mtb-29-275-sv42?yith_wcan=1&product_tag=tubolitoduse-tubolito-tubo-mtb-29-275-sv42&product_cat=spank-pedaly-nahradni-dily 
dvo-pruziny",2025-01-12
"https://bikeskills.cz/product-tag/lezyne-led-svetla-led-lighting-e-bike?yith_wcan=1&product_tag=lezyne-led-svetla-led-lighting-e-bike&product_cat=spank-pedaly-nahradni-dily 
gymball",2025-01-11
https://bikeskills.cz/shop-kategorie/poc/poc-cyklo/poc-cyklo-batohy-tasky/,2025-01-08
"https://bikeskills.cz/shop-kategorie/e-13/e-13-naboje/e-13-naboje-zadni?yith_wcan=1&product_cat=e-13-naboje-zadni 
poc-bryle",2025-01-07
"https://bikeskills.cz/product-tag/megasleva?yith_wcan=1&product_tag=megasleva&product_cat=spank-naboje 
5-dvo-vidlice",2025-01-06
"https://bikeskills.cz/product-tag/megasleva?yith_wcan=1&product_tag=megasleva&product_cat=spank-naboje 
e-13-rafky-29",2025-01-05
"https://bikeskills.cz/product-tag/megasleva?yith_wcan=1&product_tag=megasleva&product_cat=spank-naboje 
spank-sedla",2025-01-05
"https://bikeskills.cz/shop-kategorie/produkty/balancni-pomuc?yith_wcan=1&product_cat=balancni-pomuc 
dvo-top-work-mat",2025-01-04
"https://bikeskills.cz/shop-kategorie/spank/spank-naboje/spank-naboje-predni?yith_wcan=1&product_cat=spank-naboje-predni 
dresy-telka",2025-01-02
https://bikeskills.cz/shop-kategorie/e-13/e-13-kazety/e-13-kazety-nahradni-dily?yith_wcan=1,2025-01-02
https://bikeskills.cz/shop-kategorie/supacaz/supacaz-textil?yith_wcan=1&product_cat=supacaz-textil&query_type_velikost=and&filter_velikost=s,2025-01-02
"https://bikeskills.cz/shop-kategorie/dvo/dvo-top-work-mat?yith_wcan=1&product_cat=dvo-top-work-mat 
poc",2024-12-31
https://bikeskills.cz/product-tag/5m-telove?yith_wcan=1&product_tag=5m-telove&product_cat=poc,2024-12-31
"https://bikeskills.cz/shop-kategorie/spank/pedaly?yith_wcan=1&product_cat=pedaly 
5 poc-pocito poc",2024-12-30
https://bikeskills.cz/product-tag/5m-telove?yith_wcan=1&product_tag=5m-telove&product_cat=kinesiologicka-happy-tape-s-obrazky-zviratek,2024-12-24
https://bikeskills.cz/velikost/m?yith_wcan=1&pa_velikost=m&product_cat=tubolito-duse,2024-12-24
"https://bikeskills.cz/shop-kategorie/e-13/e-13-kliky?yith_wcan=1&product_cat=e-13-kliky 
kalhoty",2024-12-22
https://bikeskills.cz/product-tag/lezyne-usa?yith_wcan=1&product_tag=lezyne-usa&product_cat=lezyne-pumpy-pump-accessories,2024-12-21
https://bikeskills.cz/7d7a797c7e7579786d6f7a7e-6b5c5a5a5a5a5d5f63625d61-a20000359837jpgresize1000-2/,2024-12-20
https://bikeskills.cz/produkt/bikeskills-tricko-bile-unisex/?attribute_pa_velikost=xl,2024-12-20
"https://bikeskills.cz/shop-kategorie/dvo/dvo-nahradni-dily?yith_wcan=1&product_cat=dvo-nahradni-dily 
spank-gripy",2024-12-20
"https://bikeskills.cz/shop-kategorie/poc/poc-ski/poc-ski-pocito?yith_wcan=1&product_cat=poc-ski-pocito 
e-13-kazety",2024-12-16
https://bikeskills.cz/shop-kategorie/supacaz/supacaz-ostatni/,2024-12-14
"https://bikeskills.cz/product-tag/lezyne-usa-inc-taiwan-branch-nahradni-dily?yith_wcan=1&product_tag=lezyne-usa-inc-taiwan-branch-nahradni-dily&product_cat=5-e-13-zapletena-kola 
knihy",2024-12-14
"https://bikeskills.cz/shop-kategorie/produkty/posilovaci-gumy/posilovaci-gumy-2m?yith_wcan=1&product_cat=posilovaci-gumy-2m 
pedaly",2024-12-14
"https://bikeskills.cz/shop-kategorie/spank/spank-rafky/spank-rafky-polepy?yith_wcan=1&product_cat=spank-rafky-polepy 
dresy-telka",2024-12-13
"https://bikeskills.cz/shop-kategorie/dvo/dvo-nahradni-dily?yith_wcan=1&product_cat=dvo-nahradni-dily 
e-13-kliky-nahradni-dily",2024-12-03
"https://bikeskills.cz/product-tag/kine-max-professional-balance-pad-balancni-cocka-modra?yith_wcan=1&product_tag=kine-max-professional-balance-pad-balancni-cocka-modra&product_cat=overball 
posilovaci-gumy",2024-11-25
https://bikeskills.cz/shop-kategorie/maloja?yith_wcan=1&product_cat=maloja&query_type_velikost=and&filter_velikost=xl,2024-11-24
https://bikeskills.cz/produkt/voucher-bikeskills/?attribute_hodnota=1700,2024-11-23
"https://bikeskills.cz/product-tag/kine-max-professional-balance-pad-balancni-cocka-modra?yith_wcan=1&product_tag=kine-max-professional-balance-pad-balancni-cocka-modra&product_cat=bikeworkx 
spank-rafky-podlozky",2024-11-23
"https://bikeskills.cz/product-tag/kine-max-professional-massage-foam-roller-masazni-valec-eva-foam-90cm-modry?yith_wcan=1&product_tag=kine-max-professional-massage-foam-roller-masazni-valec-eva-foam-90cm-modry&product_cat=supacaz 
dvo-pruziny lezyne",2024-11-17
"https://bikeskills.cz/product-tag/kine-max-professional-massage-foam-roller-masazni-valec-eva-foam-90cm-modry?yith_wcan=1&product_tag=kine-max-professional-massage-foam-roller-masazni-valec-eva-foam-90cm-modry&product_cat=supacaz 
dvo-pruziny kalhoty",2024-11-17
"https://bikeskills.cz/product-tag/kine-max-professional-massage-foam-roller-masazni-valec-eva-foam-90cm-modry?yith_wcan=1&product_tag=kine-max-professional-massage-foam-roller-masazni-valec-eva-foam-90cm-modry&product_cat=supacaz 
dvo-pruziny plaste",2024-11-17
"https://bikeskills.cz/product-tag/kine-max-professional-massage-foam-roller-masazni-valec-eva-foam-90cm-modry?yith_wcan=1&product_tag=kine-max-professional-massage-foam-roller-masazni-valec-eva-foam-90cm-modry&product_cat=supacaz 
dvo-pruziny poc",2024-11-17
"https://bikeskills.cz/product-tag/kine-max-professional-massage-foam-roller-masazni-valec-eva-foam-90cm-modry?yith_wcan=1&product_tag=kine-max-professional-massage-foam-roller-masazni-valec-eva-foam-90cm-modry&product_cat=supacaz 
dvo-pruziny knihy",2024-11-17
"https://bikeskills.cz/product-tag/kine-max-professional-massage-foam-roller-masazni-valec-eva-foam-90cm-modry?yith_wcan=1&product_tag=kine-max-professional-massage-foam-roller-masazni-valec-eva-foam-90cm-modry&product_cat=e-13-zapletena-kola 
spank-gripy",2024-11-14
"https://bikeskills.cz/product-tag/5m-telove?yith_wcan=1&product_tag=5m-telove&product_cat=e-13 
spank-riditka",2024-11-14
"https://bikeskills.cz/product-tag/kine-max-professional-massage-foam-roller-masazni-valec-eva-foam-90cm-modry?yith_wcan=1&product_tag=kine-max-professional-massage-foam-roller-masazni-valec-eva-foam-90cm-modry&product_cat=e-13-zapletena-kola 
poc-prilby",2024-11-14
"https://bikeskills.cz/product-tag/kine-max-professional-massage-foam-roller-masazni-valec-eva-foam-90cm-modry?yith_wcan=1&product_tag=kine-max-professional-massage-foam-roller-masazni-valec-eva-foam-90cm-modry&product_cat=e-13-zapletena-kola 
cube-rental",2024-11-14
"https://bikeskills.cz/product-tag/kine-max-professional-massage-foam-roller-masazni-valec-eva-foam-90cm-modry?yith_wcan=1&product_tag=kine-max-professional-massage-foam-roller-masazni-valec-eva-foam-90cm-modry&product_cat=e-13-zapletena-kola 
ostatni",2024-11-14
"https://bikeskills.cz/product-tag/kine-max-professional-massage-foam-roller-masazni-valec-eva-foam-90cm-modry?yith_wcan=1&product_tag=kine-max-professional-massage-foam-roller-masazni-valec-eva-foam-90cm-modry&product_cat=e-13-zapletena-kola 
overball",2024-11-14
"https://bikeskills.cz/product-tag/kine-max-professional-massage-foam-roller-masazni-valec-eva-foam-90cm-modry?yith_wcan=1&product_tag=kine-max-professional-massage-foam-roller-masazni-valec-eva-foam-90cm-modry&product_cat=e-13-zapletena-kola 
dvo-tlumice",2024-11-14
"https://bikeskills.cz/product-tag/kine-max-professional-balance-pad-balancni-cocka-modra?yith_wcan=1&product_tag=kine-max-professional-balance-pad-balancni-cocka-modra&product_cat=overball 
e-13-kliky-mtb-gravel",2024-11-14
"https://bikeskills.cz/product-tag/kine-max-professional-balance-pad-balancni-cocka-modra?yith_wcan=1&product_tag=kine-max-professional-balance-pad-balancni-cocka-modra&product_cat=bikeworkx 
dvo-vidlice-27",2024-11-14
"https://bikeskills.cz/product-tag/kine-max-professional-massage-foam-roller-masazni-valec-eva-foam-90cm-modry?yith_wcan=1&product_tag=kine-max-professional-massage-foam-roller-masazni-valec-eva-foam-90cm-modry&product_cat=e-13-zapletena-kola 
kalhoty",2024-11-14
"https://bikeskills.cz/product-tag/kine-max-professional-massage-foam-roller-masazni-valec-eva-foam-90cm-modry?yith_wcan=1&product_tag=kine-max-professional-massage-foam-roller-masazni-valec-eva-foam-90cm-modry&product_cat=e-13-zapletena-kola 
bikeworkx",2024-11-14
"https://bikeskills.cz/product-tag/kine-max-professional-massage-foam-roller-masazni-valec-eva-foam-90cm-modry?yith_wcan=1&product_tag=kine-max-professional-massage-foam-roller-masazni-valec-eva-foam-90cm-modry&product_cat=e-13-zapletena-kola 
spank-sedla",2024-11-14
https://bikeskills.cz/product-tag/5m-telove?yith_wcan=1&product_tag=5m-telove&product_cat=overball,2024-11-13
"https://bikeskills.cz/product-tag/kine-max-professional-balance-pad-balancni-cocka-modra?yith_wcan=1&product_tag=kine-max-professional-balance-pad-balancni-cocka-modra&product_cat=bikeworkx 
samofix-obinadla",2024-11-13
"https://bikeskills.cz/product-tag/kine-max-professional-gym-ball-gymnasticky-mic-65cm-modry?yith_wcan=1&product_tag=kine-max-professional-gym-ball-gymnasticky-mic-65cm-modry&product_cat=ostatni 
e-13-kliky-mtb-gravel",2024-11-13
"https://bikeskills.cz/product-tag/kine-max-professional-gym-ball-gymnasticky-mic-65cm-modry?yith_wcan=1&product_tag=kine-max-professional-gym-ball-gymnasticky-mic-65cm-modry&product_cat=e-13-kazety-race 
lezyne-doplnky-airtag-accessories",2024-11-13
"https://bikeskills.cz/product-tag/kine-max-professional-gym-ball-gymnasticky-mic-65cm-modry?yith_wcan=1&product_tag=kine-max-professional-gym-ball-gymnasticky-mic-65cm-modry&product_cat=mega-sleva-e13 
dvo-pruziny-prorate-ls-spring",2024-11-13
"https://bikeskills.cz/product-tag/kine-max-professional-balance-pad-balancni-cocka-modra?yith_wcan=1&product_tag=kine-max-professional-balance-pad-balancni-cocka-modra&product_cat=overball 
maloja-zeny",2024-11-13
"https://bikeskills.cz/product-tag/tubolitoduse-tubolito-bmx-22-24x1-5-2-5-av42?yith_wcan=1&product_tag=tubolitoduse-tubolito-bmx-22-24x1-5-2-5-av42&product_cat=lezyne-naradi-tire-repair 
supacaz-lahve lezyne-gps",2024-11-12
"https://bikeskills.cz/product-tag/kine-max-professional-gym-ball-gymnasticky-mic-65cm-modry?yith_wcan=1&product_tag=kine-max-professional-gym-ball-gymnasticky-mic-65cm-modry&product_cat=ostatni 
lezyne-doplnky-airtag-accessories",2024-11-12
"https://bikeskills.cz/product-tag/kine-max-professional-balance-pad-balancni-cocka-modra?yith_wcan=1&product_tag=kine-max-professional-balance-pad-balancni-cocka-modra&product_cat=overball 
volnocasove-obleceni",2024-11-12
"https://bikeskills.cz/product-tag/kine-max-professional-gym-ball-gymnasticky-mic-65cm-modry?yith_wcan=1&product_tag=kine-max-professional-gym-ball-gymnasticky-mic-65cm-modry&product_cat=mega-sleva-e13 
knihy",2024-11-12
"https://bikeskills.cz/product-tag/kine-max-professional-balance-pad-balancni-cocka-modra?yith_wcan=1&product_tag=kine-max-professional-balance-pad-balancni-cocka-modra&product_cat=supacaz-kosiky 
maloja",2024-11-11
"https://bikeskills.cz/product-tag/kine-max-professional-gym-ball-gymnasticky-mic-65cm-modry?yith_wcan=1&product_tag=kine-max-professional-gym-ball-gymnasticky-mic-65cm-modry&product_cat=nuzky-ostatni 
spank-naboje-zadni",2024-11-10
"https://bikeskills.cz/product-tag/kine-max-professional-balance-pad-balancni-cocka-modra?yith_wcan=1&product_tag=kine-max-professional-balance-pad-balancni-cocka-modra&product_cat=bikeworkx 
supacaz-lahve",2024-11-10
"https://bikeskills.cz/shop-kategorie/e-13/e-13-kazety/e-13-kazety-nahradni-dily?yith_wcan=1&product_cat=e-13-kazety-nahradni-dily 
ostatni",2024-11-10
"https://bikeskills.cz/product-tag/kine-max-professional-massage-foam-roller-masazni-valec-eva-foam-90cm-sedy?yith_wcan=1&product_tag=kine-max-professional-massage-foam-roller-masazni-valec-eva-foam-90cm-sedy&product_cat=e-13-prevodniky-guidering 
pedaly",2024-11-10
"https://bikeskills.cz/product-tag/kine-max-professional-gym-ball-gymnasticky-mic-65cm-stribrny?yith_wcan=1&product_tag=kine-max-professional-gym-ball-gymnasticky-mic-65cm-stribrny&product_cat=poc-bryle-sjezdove 
lezyne-naradi-multi-tools",2024-11-10
"https://bikeskills.cz/product-tag/kine-max-professional-massage-foam-roller-masazni-valec-modry?yith_wcan=1&product_tag=kine-max-professional-massage-foam-roller-masazni-valec-modry&product_cat=maloja-zeny 
e-13-plaste-29",2024-11-10
"https://bikeskills.cz/product-tag/kine-max-professional-balance-pad-balancni-cocka-modra?yith_wcan=1&product_tag=kine-max-professional-balance-pad-balancni-cocka-modra&product_cat=overball 
e-13-rafky-29",2024-11-10
"https://bikeskills.cz/product-tag/kine-max-professional-balance-pad-balancni-cocka-modra?yith_wcan=1&product_tag=kine-max-professional-balance-pad-balancni-cocka-modra&product_cat=overball 
supacaz",2024-11-10
"https://bikeskills.cz/product-tag/kine-max-professional-gym-ball-gymnasticky-mic-65cm-modry?yith_wcan=1&product_tag=kine-max-professional-gym-ball-gymnasticky-mic-65cm-modry&product_cat=mega-sleva-e13 
supacaz-textil",2024-11-10
"https://bikeskills.cz/product-tag/kine-max-professional-balance-pad-balancni-cocka-modra?yith_wcan=1&product_tag=kine-max-professional-balance-pad-balancni-cocka-modra&product_cat=overball 
spank-rafky",2024-11-10
"https://bikeskills.cz/shop-kategorie/e-13/e-13-kliky/e-13-kliky-nahradni-dily?yith_wcan=1&product_cat=e-13-kliky-nahradni-dily 
pedaly",2024-11-09
https://bikeskills.cz/shop-kategorie/supacaz/supacaz-textil?yith_wcan=1&product_cat=supacaz-textil&query_type_velikost=and&filter_velikost=28,2024-11-09
"https://bikeskills.cz/product-tag/kine-max-professional-balance-pad-balancni-cocka-modra?yith_wcan=1&product_tag=kine-max-professional-balance-pad-balancni-cocka-modra&product_cat=overball 
masazni-oleje",2024-11-09
"https://bikeskills.cz/shop-kategorie/e-13/e-13-kazety/e-13-kazety-nahradni-dily?yith_wcan=1&product_cat=e-13-kazety-nahradni-dily 
dvo-pumpy",2024-11-09
"https://bikeskills.cz/shop-kategorie/e-13/e-13-kliky/e-13-kliky-e-spec?yith_wcan=1&product_cat=e-13-kliky-e-spec 
kalhoty",2024-11-09
"https://bikeskills.cz/product-tag/kine-max-professional-gym-ball-gymnasticky-mic-65cm-modry?yith_wcan=1&product_tag=kine-max-professional-gym-ball-gymnasticky-mic-65cm-modry&product_cat=nuzky-ostatni 
supacaz-omotavky",2024-11-09
"https://bikeskills.cz/product-tag/kine-max-professional-gym-ball-gymnasticky-mic-65cm-stribrny?yith_wcan=1&product_tag=kine-max-professional-gym-ball-gymnasticky-mic-65cm-stribrny&product_cat=5-e-13-plaste 
overball",2024-11-09
"https://bikeskills.cz/product-tag/5m-telove?yith_wcan=1&product_tag=5m-telove&product_cat=e-13 
poc",2024-11-08
"https://bikeskills.cz/product-tag/kine-max-professional-gym-ball-gymnasticky-mic-65cm-modry?yith_wcan=1&product_tag=kine-max-professional-gym-ball-gymnasticky-mic-65cm-modry&product_cat=mega-sleva-e13 
e-13-napinaky-retezu-dh",2024-11-08
"https://bikeskills.cz/product-tag/kine-max-professional-gym-ball-gymnasticky-mic-65cm-modry?yith_wcan=1&product_tag=kine-max-professional-gym-ball-gymnasticky-mic-65cm-modry&product_cat=nuzky-ostatni 
spank-podlozky-hlavoveho-slozeni",2024-11-08
"https://bikeskills.cz/shop-kategorie/e-13/e-13-kazety/e-13-kazety-nahradni-dily?yith_wcan=1&product_cat=e-13-kazety-nahradni-dily 
supacaz",2024-11-08
"https://bikeskills.cz/product-tag/kine-max-professional-balance-pad-balancni-cocka-modra?yith_wcan=1&product_tag=kine-max-professional-balance-pad-balancni-cocka-modra&product_cat=overball 
bikeworkx-pasty",2024-11-08
"https://bikeskills.cz/product-tag/kine-max-professional-balance-pad-balancni-cocka-modra?yith_wcan=1&product_tag=kine-max-professional-balance-pad-balancni-cocka-modra&product_cat=bikeworkx 
lezyne",2024-11-08
"https://bikeskills.cz/product-tag/kine-max-professional-super-loop-resistance-band-kit-set-posilovacich-gum-5ks-extra-lehka-az-extra-tezka?yith_wcan=1&product_tag=kine-max-professional-super-loop-resistance-band-kit-set-posilovacich-gum-5ks-extra-lehka-az-extra-tezka&product_cat=supacaz-omotavky 
supacaz-gripy",2024-11-08
"https://bikeskills.cz/product-tag/kine-max-professional-gym-ball-gymnasticky-mic-65cm-modry?yith_wcan=1&product_tag=kine-max-professional-gym-ball-gymnasticky-mic-65cm-modry&product_cat=mega-sleva-e13 
poc-obleceni-dresy",2024-11-08
"https://bikeskills.cz/product-tag/kine-max-professional-gym-ball-gymnasticky-mic-65cm-modry?yith_wcan=1&product_tag=kine-max-professional-gym-ball-gymnasticky-mic-65cm-modry&product_cat=mega-sleva-e13 
posilovaci-gumy-2m",2024-11-08
"https://bikeskills.cz/shop-kategorie/e-13/e-13-kazety/e-13-kazety-nahradni-dily?yith_wcan=1&product_cat=e-13-kazety-nahradni-dily 
dvo-sedla",2024-11-08
"https://bikeskills.cz/shop-kategorie/e-13/e-13-kazety/e-13-kazety-nahradni-dily?yith_wcan=1&product_cat=e-13-kazety-nahradni-dily 
maloja",2024-11-08
"https://bikeskills.cz/shop-kategorie/e-13/e-13-kazety/e-13-kazety-nahradni-dily?yith_wcan=1&product_cat=e-13-kazety-nahradni-dily 
lezyne-gps",2024-11-08
"https://bikeskills.cz/shop-kategorie/e-13/e-13-kazety/e-13-kazety-nahradni-dily?yith_wcan=1&product_cat=e-13-kazety-nahradni-dily 
lezyne",2024-11-08
"https://bikeskills.cz/product-tag/kine-max-tpx-balance-pad-balancni-podlozka-cerna?yith_wcan=1&product_tag=kine-max-tpx-balance-pad-balancni-podlozka-cerna&product_cat=e-13-kliky 
volnocasove-obleceni",2024-11-08
"https://bikeskills.cz/shop-kategorie/e-13/e-13-kliky/e-13-kliky-e-spec?yith_wcan=1&product_cat=e-13-kliky-e-spec 
poc-cyklo",2024-11-08
"https://bikeskills.cz/product-tag/kine-max-tpx-balance-pad-balancni-podlozka-cerna?yith_wcan=1&product_tag=kine-max-tpx-balance-pad-balancni-podlozka-cerna&product_cat=e-13-kliky 
lezyne-doplnky-bells",2024-11-08
"https://bikeskills.cz/product-tag/kine-max-professional-gym-ball-gymnasticky-mic-65cm-stribrny?yith_wcan=1&product_tag=kine-max-professional-gym-ball-gymnasticky-mic-65cm-stribrny&product_cat=5-e-13-plaste 
supacaz-gripy",2024-11-08
"https://bikeskills.cz/product-tag/kine-max-professional-balance-pad-balancni-cocka-modra?yith_wcan=1&product_tag=kine-max-professional-balance-pad-balancni-cocka-modra&product_cat=overball 
poc-bryle-mx-dh",2024-11-08
"https://bikeskills.cz/product-tag/kine-max-professional-gym-ball-gymnasticky-mic-65cm-modry?yith_wcan=1&product_tag=kine-max-professional-gym-ball-gymnasticky-mic-65cm-modry&product_cat=mega-sleva-e13 
poc-bryle-sjezdove",2024-11-08
"https://bikeskills.cz/product-tag/kine-max-professional-gym-ball-gymnasticky-mic-65cm-stribrny?yith_wcan=1&product_tag=kine-max-professional-gym-ball-gymnasticky-mic-65cm-stribrny&product_cat=poc-bryle-sjezdove 
tubolito-duse",2024-11-08
"https://bikeskills.cz/shop-kategorie/e-13/e-13-kliky/e-13-kliky-e-spec?yith_wcan=1&product_cat=e-13-kliky-e-spec 
dvo",2024-11-08
"https://bikeskills.cz/shop-kategorie/e-13/e-13-kliky/e-13-kliky-e-spec?yith_wcan=1&product_cat=e-13-kliky-e-spec 
gymball",2024-11-08
"https://bikeskills.cz/product-tag/tubolitoduse-tubolito-bmx-22-24x1-5-2-5-av42?yith_wcan=1&product_tag=tubolitoduse-tubolito-bmx-22-24x1-5-2-5-av42&product_cat=lezyne-naradi-tire-repair 
supacaz-lahve e-13-kazety-plus",2024-11-08
"https://bikeskills.cz/product-tag/kine-max-professional-gym-ball-gymnasticky-mic-65cm-modry?yith_wcan=1&product_tag=kine-max-professional-gym-ball-gymnasticky-mic-65cm-modry&product_cat=mega-sleva-e13 
lezyne-naradi",2024-11-08
"https://bikeskills.cz/product-tag/kine-max-professional-gym-ball-gymnasticky-mic-65cm-modry?yith_wcan=1&product_tag=kine-max-professional-gym-ball-gymnasticky-mic-65cm-modry&product_cat=mega-sleva-e13 
supacaz-rukavice",2024-11-08
"https://bikeskills.cz/product-tag/kine-max-professional-gym-ball-gymnasticky-mic-65cm-modry?yith_wcan=1&product_tag=kine-max-professional-gym-ball-gymnasticky-mic-65cm-modry&product_cat=mega-sleva-e13 
supacaz-lahve",2024-11-08
"https://bikeskills.cz/product-tag/kine-max-professional-gym-ball-gymnasticky-mic-65cm-modry?yith_wcan=1&product_tag=kine-max-professional-gym-ball-gymnasticky-mic-65cm-modry&product_cat=mega-sleva-e13 
bikeworkx-cistice-retezu-myti-rukou",2024-11-08
"https://bikeskills.cz/product-tag/kine-max-professional-gym-ball-gymnasticky-mic-65cm-modry?yith_wcan=1&product_tag=kine-max-professional-gym-ball-gymnasticky-mic-65cm-modry&product_cat=mega-sleva-e13 
podtejpovaci-pasky",2024-11-08
https://bikeskills.cz/product-tag/tubolitoduse-tubolito-s-tubo-road-700x18-32c-sv80b?yith_wcan=1&product_tag=tubolitoduse-tubolito-s-tubo-road-700x18-32c-sv80b&query_type_velikost=and&filter_velikost=28&product_cat=spank-naboje-predni,2024-11-08
"https://bikeskills.cz/shop-kategorie/e-13/e-13-kazety/e-13-kazety-nahradni-dily?yith_wcan=1&product_cat=e-13-kazety-nahradni-dily 
spank",2024-11-08
"https://bikeskills.cz/product-tag/kine-max-tpx-balance-pad-balancni-podlozka-cerna?yith_wcan=1&product_tag=kine-max-tpx-balance-pad-balancni-podlozka-cerna&product_cat=e-13-kliky 
e-13-pedaly-pedaly",2024-11-08
"https://bikeskills.cz/product-tag/kine-max-professional-gym-ball-gymnasticky-mic-65cm-modry?yith_wcan=1&product_tag=kine-max-professional-gym-ball-gymnasticky-mic-65cm-modry&product_cat=mega-sleva-e13 
e-13-kazety-plus",2024-11-08
https://bikeskills.cz/product-tag/5m-telove?yith_wcan=1&product_tag=5m-telove&product_cat=poc-pocito,2024-11-08
"https://bikeskills.cz/product-tag/kine-max-professional-balance-pad-balancni-cocka-modra?yith_wcan=1&product_tag=kine-max-professional-balance-pad-balancni-cocka-modra&product_cat=svihadla-ostatni 
poc",2024-11-08
"https://bikeskills.cz/shop-kategorie/e-13/e-13-kazety/e-13-kazety-nahradni-dily?yith_wcan=1&product_cat=e-13-kazety-nahradni-dily 
knihy",2024-11-08
"https://bikeskills.cz/shop-kategorie/e-13/e-13-kazety/e-13-kazety-nahradni-dily?yith_wcan=1&product_cat=e-13-kazety-nahradni-dily 
plaste",2024-11-08
"https://bikeskills.cz/shop-kategorie/e-13/e-13-kliky/e-13-kliky-nahradni-dily?yith_wcan=1&product_cat=e-13-kliky-nahradni-dily 
poc-cyklo",2024-11-08
"https://bikeskills.cz/product-tag/kine-max-professional-gym-ball-gymnasticky-mic-65cm-modry?yith_wcan=1&product_tag=kine-max-professional-gym-ball-gymnasticky-mic-65cm-modry&product_cat=e-13-kliky 
e-13-riditka",2024-11-08
"https://bikeskills.cz/shop-kategorie/e-13/e-13-kliky/e-13-kliky-nahradni-dily?yith_wcan=1&product_cat=e-13-kliky-nahradni-dily 
produkty",2024-11-08
"https://bikeskills.cz/shop-kategorie/e-13/e-13-kliky/e-13-kliky-e-spec?yith_wcan=1&product_cat=e-13-kliky-e-spec 
produkty",2024-11-08
"https://bikeskills.cz/shop-kategorie/e-13/e-13-kliky/e-13-kliky-e-spec?yith_wcan=1&product_cat=e-13-kliky-e-spec 
plaste",2024-11-08
"https://bikeskills.cz/product-tag/kine-max-tpx-balance-pad-balancni-podlozka-cerna?yith_wcan=1&product_tag=kine-max-tpx-balance-pad-balancni-podlozka-cerna&product_cat=e-13-kliky 
e-13-rafky",2024-11-08
"https://bikeskills.cz/shop-kategorie/e-13/e-13-kliky/e-13-kliky-nahradni-dily?yith_wcan=1&product_cat=e-13-kliky-nahradni-dily 
poc-ski",2024-11-08
"https://bikeskills.cz/product-tag/kine-max-professional-balance-pad-balancni-cocka-modra?yith_wcan=1&product_tag=kine-max-professional-balance-pad-balancni-cocka-modra&product_cat=dvo-tlumice-vzduchove 
e-13-kliky-mtb-gravel",2024-11-08
"https://bikeskills.cz/shop-kategorie/e-13/e-13-kliky/e-13-kliky-e-spec?yith_wcan=1&product_cat=e-13-kliky-e-spec 
poc-ski",2024-11-08
"https://bikeskills.cz/shop-kategorie/e-13/e-13-kliky/e-13-kliky-e-spec?yith_wcan=1&product_cat=e-13-kliky-e-spec 
maloja",2024-11-08
"https://bikeskills.cz/product-tag/kine-max-tpx-balance-pad-balancni-podlozka-cerna?yith_wcan=1&product_tag=kine-max-tpx-balance-pad-balancni-podlozka-cerna&product_cat=e-13-kliky 
e-13-prevodniky",2024-11-08
"https://bikeskills.cz/product-tag/kine-max-tpx-balance-pad-balancni-podlozka-cerna?yith_wcan=1&product_tag=kine-max-tpx-balance-pad-balancni-podlozka-cerna&product_cat=e-13-kliky 
posilovaci-gumy-2m",2024-11-08
"https://bikeskills.cz/product-tag/kine-max-professional-massage-foam-roller-masazni-valec-modry?yith_wcan=1&product_tag=kine-max-professional-massage-foam-roller-masazni-valec-modry&product_cat=lezyne-gps-gps 
pedaly",2024-11-08
"https://bikeskills.cz/shop-kategorie/e-13/e-13-kliky/e-13-kliky-nahradni-dily?yith_wcan=1&product_cat=e-13-kliky-nahradni-dily 
overball",2024-11-08
"https://bikeskills.cz/shop-kategorie/e-13/e-13-kliky/e-13-kliky-e-spec?yith_wcan=1&product_cat=e-13-kliky-e-spec 
ostatni",2024-11-08
"https://bikeskills.cz/shop-kategorie/e-13/e-13-kliky/e-13-kliky-nahradni-dily?yith_wcan=1&product_cat=e-13-kliky-nahradni-dily 
lezyne",2024-11-08
"https://bikeskills.cz/product-tag/kine-max-tpx-balance-pad-balancni-podlozka-cerna?yith_wcan=1&product_tag=kine-max-tpx-balance-pad-balancni-podlozka-cerna&product_cat=e-13-kliky 
spank-riditka-mtb",2024-11-08